,ad_id,xyz_campaign_id,fb_campaign_id,age,gender,interest,Impressions,Clicks,Spent,Total_Conversion,Approved_Conversion,age_lower_bound,age_upper_bound
0,708746,916,103916,30-34,M,15,7350.0,1.0,1.429999948,2,1.0,30,34
1,708749,916,103917,30-34,M,16,17861.0,2.0,1.820000023,2,0.0,30,34
2,708771,916,103920,30-34,M,20,693.0,0.0,0.0,1,0.0,30,34
3,708815,916,103928,30-34,M,28,4259.0,1.0,1.25,1,0.0,30,34
4,708818,916,103928,30-34,M,28,4133.0,1.0,1.289999962,1,1.0,30,34
5,708820,916,103929,30-34,M,29,1915.0,0.0,0.0,1,1.0,30,34
6,708889,916,103940,30-34,M,15,15615.0,3.0,4.769999981,1,0.0,30,34
7,708895,916,103941,30-34,M,16,10951.0,1.0,1.269999981,1,1.0,30,34
8,708953,916,103951,30-34,M,27,2355.0,1.0,1.5,1,0.0,30,34
9,708958,916,103952,30-34,M,28,9502.0,3.0,3.159999967,1,0.0,30,34
10,708979,916,103955,30-34,M,31,1224.0,0.0,0.0,1,0.0,30,34
11,709023,916,103962,30-34,M,7,735.0,0.0,0.0,1,0.0,30,34
12,709038,916,103965,30-34,M,16,5117.0,0.0,0.0,1,0.0,30,34
13,709040,916,103965,30-34,M,16,5120.0,0.0,0.0,1,0.0,30,34
14,709059,916,103968,30-34,M,20,14669.0,7.0,10.28000021,1,1.0,30,34
15,709105,916,103976,30-34,M,28,1241.0,0.0,0.0,1,1.0,30,34
16,709115,916,103978,30-34,M,30,2305.0,1.0,0.569999993,1,0.0,30,34
17,709124,916,103979,30-34,M,31,1024.0,0.0,0.0,1,1.0,30,34
18,709179,916,103988,35-39,M,15,4627.0,1.0,1.690000057,1,0.0,35,39
19,709183,916,103989,35-39,M,16,21026.0,4.0,4.630000114,2,1.0,35,39
20,709320,916,104012,35-39,M,15,1422.0,0.0,0.0,1,1.0,35,39
21,709323,916,104012,35-39,M,15,7132.0,2.0,2.609999895,1,0.0,35,39
22,709326,916,104013,35-39,M,16,12190.0,2.0,3.049999952,1,0.0,35,39
23,709327,916,104013,35-39,M,16,12193.0,2.0,3.059999943,1,1.0,35,39
24,709328,916,104013,35-39,M,16,3332.0,0.0,0.0,1,1.0,35,39
25,709455,916,104034,35-39,M,7,559.0,0.0,0.0,1,0.0,35,39
26,709544,916,104049,35-39,M,29,7440.0,2.0,2.980000019,1,1.0,35,39
27,709614,916,104061,40-44,M,16,19113.0,4.0,5.5200001,1,0.0,40,44
28,709756,916,104085,40-44,M,16,10976.0,2.0,1.690000057,1,1.0,40,44
29,709761,916,104085,40-44,M,16,2861.0,0.0,0.0,1,0.0,40,44
30,709899,916,104108,40-44,M,15,1398.0,0.0,0.0,1,1.0,40,44
31,709901,916,104109,40-44,M,16,23817.0,7.0,8.470000148,1,1.0,40,44
32,710045,916,104133,45-49,M,16,47224.0,12.0,15.82000017,1,0.0,45,49
33,710088,916,104140,45-49,M,24,2283.0,1.0,1.470000029,1,0.0,45,49
34,710360,916,104185,45-49,M,21,2182.0,1.0,1.529999971,1,1.0,45,49
35,710477,916,104205,30-34,F,16,2654.0,0.0,0.0,1,1.0,30,34
36,710480,916,104205,30-34,F,16,57665.0,14.0,18.06999969,1,1.0,30,34
37,710571,916,104220,30-34,F,32,3091.0,1.0,1.610000014,1,1.0,30,34
38,710617,916,104228,30-34,F,15,5014.0,1.0,1.190000057,1,0.0,30,34
39,710623,916,104229,30-34,F,16,38726.0,7.0,9.220000267,1,0.0,30,34
40,710628,916,104230,30-34,F,18,1473.0,0.0,0.0,1,0.0,30,34
41,710682,916,104239,30-34,F,27,1186.0,0.0,0.0,1,0.0,30,34
42,710763,916,104252,30-34,F,15,5369.0,1.0,1.50999999,1,0.0,30,34
43,710836,916,104265,30-34,F,29,22221.0,7.0,9.430000067,1,1.0,30,34
44,710867,916,104270,30-34,F,63,1185.0,0.0,0.0,1,0.0,30,34
45,710880,916,104272,30-34,F,65,13019.0,5.0,6.960000038,1,0.0,30,34
46,710961,916,104285,35-39,F,25,2508.0,1.0,1.220000029,1,0.0,35,39
47,710968,916,104287,35-39,F,27,5864.0,2.0,2.799999952,1,1.0,35,39
48,711217,916,104328,35-39,F,20,2783.0,1.0,1.600000024,1,0.0,35,39
49,711623,916,104396,40-44,F,15,3812.0,1.0,1.129999995,2,1.0,40,44
50,711764,916,104419,45-49,F,10,11199.0,4.0,5.730000019,1,1.0,45,49
51,711785,916,104423,45-49,F,19,292.0,0.0,0.0,1,0.0,45,49
52,711877,916,104438,45-49,F,63,17572.0,7.0,9.379999995,1,0.0,45,49
53,712052,916,104467,45-49,F,10,1448.0,0.0,0.0,1,1.0,45,49
54,734209,936,108654,30-34,M,10,1772.0,0.0,0.0,1,1.0,30,34
55,734210,936,108654,30-34,M,10,13329.0,4.0,5.629999995,1,1.0,30,34
56,734215,936,108655,30-34,M,15,13659.0,3.0,3.840000033,1,0.0,30,34
57,734243,936,108660,30-34,M,21,739.0,0.0,0.0,1,1.0,30,34
58,734266,936,108664,30-34,M,25,605.0,0.0,0.0,1,0.0,30,34
59,734272,936,108665,30-34,M,26,1030.0,0.0,0.0,1,0.0,30,34
60,734290,936,108668,30-34,M,29,5374.0,1.0,1.039999962,4,0.0,30,34
61,734313,936,108672,30-34,M,36,790.0,0.0,0.0,1,1.0,30,34
62,734314,936,108672,30-34,M,36,962.0,0.0,0.0,1,0.0,30,34
63,734352,936,108678,35-39,M,10,4423.0,1.0,1.460000038,1,1.0,35,39
64,734361,936,108680,35-39,M,16,12382.0,2.0,2.839999914,1,1.0,35,39
65,734381,936,108683,35-39,M,20,2938.0,1.0,1.350000024,1,1.0,35,39
66,734399,936,108686,35-39,M,23,239.0,0.0,0.0,1,0.0,35,39
67,734418,936,108689,35-39,M,26,591.0,0.0,0.0,1,0.0,35,39
68,734421,936,108690,35-39,M,27,10332.0,4.0,5.75,1,0.0,35,39
69,734427,936,108691,35-39,M,28,8259.0,3.0,3.980000019,1,0.0,35,39
70,734433,936,108692,35-39,M,29,12158.0,3.0,4.449999928,1,0.0,35,39
71,734582,936,108716,40-44,M,29,7709.0,2.0,1.320000052,2,0.0,40,44
72,734605,936,108720,40-44,M,36,834.0,0.0,0.0,1,0.0,40,44
73,734660,936,108729,45-49,M,18,1299.0,0.0,0.0,2,0.0,45,49
74,734666,936,108730,45-49,M,19,371.0,0.0,0.0,1,0.0,45,49
75,734726,936,108740,45-49,M,29,10466.0,3.0,4.090000033,1,0.0,45,49
76,734737,936,108742,45-49,M,31,839.0,0.0,0.0,1,0.0,45,49
77,734785,936,108750,30-34,F,10,5576.0,1.0,1.529999971,1,1.0,30,34
78,734794,936,108752,30-34,F,16,4010.0,0.0,0.0,1,0.0,30,34
79,734796,936,108752,30-34,F,16,39337.0,7.0,10.03000009,1,1.0,30,34
80,734800,936,108753,30-34,F,18,1635.0,0.0,0.0,1,0.0,30,34
81,734803,936,108753,30-34,F,18,1631.0,0.0,0.0,1,0.0,30,34
82,734852,936,108761,30-34,F,26,13479.0,3.0,4.25,1,0.0,30,34
83,734854,936,108762,30-34,F,27,57022.0,13.0,20.29000032,3,2.5,30,34
84,734856,936,108762,30-34,F,27,5453.0,1.0,1.389999986,1,1.0,30,34
85,734866,936,108764,30-34,F,29,11803.0,3.0,4.440000057,1,0.0,30,34
86,734881,936,108766,30-34,F,31,4259.0,1.0,1.570000052,1,1.0,30,34
87,734901,936,108770,30-34,F,64,1554.0,0.0,0.0,1,0.0,30,34
88,734903,936,108770,30-34,F,64,5323.0,1.0,1.289999962,1,1.0,30,34
89,734925,936,108774,35-39,F,10,5024.0,1.0,1.409999967,1,1.0,35,39
90,734939,936,108776,35-39,F,16,104648.0,24.0,33.33000004,4,2.0,35,39
91,734968,936,108781,35-39,F,22,8504.0,3.0,3.340000093,1,1.0,35,39
92,734999,936,108786,35-39,F,27,20277.0,6.0,8.050000072,1,0.0,35,39
93,735014,936,108788,35-39,F,29,12403.0,4.0,5.210000038,1,1.0,35,39
94,735032,936,108791,35-39,F,32,498.0,0.0,0.0,1,1.0,35,39
95,735033,936,108792,35-39,F,36,652.0,0.0,0.0,0,0.0,35,39
96,735043,936,108793,35-39,F,63,1357.0,0.0,0.0,1,1.0,35,39
97,735048,936,108794,35-39,F,64,1393.0,0.0,0.0,1,0.0,35,39
98,735065,936,108797,40-44,F,7,648.0,0.0,0.0,1,0.0,40,44
99,735109,936,108804,40-44,F,21,708.0,0.0,0.0,1,1.0,40,44
100,735140,936,108809,40-44,F,26,6907.0,2.0,2.349999964,1,0.0,40,44
101,735143,936,108810,40-44,F,27,39035.0,13.0,19.32999957,1,0.0,40,44
102,735151,936,108811,40-44,F,28,926.0,0.0,0.0,1,0.0,40,44
103,735184,936,108817,40-44,F,63,4412.0,1.0,1.450000048,1,0.0,40,44
104,735189,936,108818,40-44,F,64,9965.0,3.0,4.050000072,1,0.0,40,44
105,735213,936,108822,45-49,F,10,73634.0,23.0,32.97999978,1,0.0,45,49
106,735220,936,108823,45-49,F,15,69708.0,20.0,31.28999949,1,0.0,45,49
107,735242,936,108826,45-49,F,19,530.0,0.0,0.0,1,0.0,45,49
108,735247,936,108827,45-49,F,20,14257.0,6.0,8.789999962,1,0.0,45,49
109,735289,936,108834,45-49,F,27,20362.0,5.0,9.119999886,1,1.0,45,49
110,735290,936,108834,45-49,F,27,12215.0,4.0,6.26000011,1,0.0,45,49
111,735298,936,108836,45-49,F,29,85412.0,28.0,38.63999999,2,1.0,45,49
112,736869,936,109448,30-34,M,2,2338.0,1.0,0.239999995,1,0.0,30,34
113,736890,936,109451,30-34,M,15,2522.0,0.0,0.0,1,0.0,30,34
114,736893,936,109452,30-34,M,16,3587.0,0.0,0.0,1,0.0,30,34
115,736977,936,109470,30-34,M,27,1273.0,0.0,0.0,1,0.0,30,34
116,736988,936,109472,30-34,M,28,3891.0,1.0,1.090000033,1,0.0,30,34
117,736995,936,109473,30-34,M,29,1888.0,0.0,0.0,1,0.0,30,34
118,736997,936,109473,30-34,M,29,1895.0,0.0,0.0,1,0.0,30,34
119,737097,936,109498,35-39,M,7,715.0,0.0,0.0,1,0.0,35,39
120,737130,936,109507,35-39,M,16,11199.0,2.0,2.680000067,1,0.0,35,39
121,737320,936,109553,35-39,M,63,5676.0,2.0,3.00999999,1,0.0,35,39
122,737375,936,109565,40-44,M,10,1415.0,0.0,0.0,1,0.0,40,44
123,737524,936,109601,40-44,M,30,2148.0,1.0,1.580000043,1,1.0,40,44
124,737644,936,109629,45-49,M,16,45401.0,10.0,14.06000042,1,0.0,45,49
125,737657,936,109633,45-49,M,18,7478.0,2.0,2.900000095,1,1.0,45,49
126,737658,936,109633,45-49,M,18,4919.0,1.0,1.590000033,1,0.0,45,49
127,737674,936,109637,45-49,M,20,533.0,0.0,0.0,1,1.0,45,49
128,737766,936,109659,45-49,M,29,1447.0,0.0,0.0,1,1.0,45,49
129,737896,936,109689,30-34,F,16,17553.0,3.0,4.590000153,1,0.0,30,34
130,737931,936,109698,30-34,F,20,3343.0,1.0,0.540000021,1,0.0,30,34
131,737961,936,109706,30-34,F,23,523.0,0.0,0.0,1,0.0,30,34
132,737995,936,109714,30-34,F,26,1873.0,0.0,0.0,1,0.0,30,34
133,738006,936,109717,30-34,F,27,34740.0,7.0,13.41000009,1,1.0,30,34
134,738067,936,109731,30-34,F,32,658.0,0.0,0.0,1,0.0,30,34
135,738098,936,109738,30-34,F,64,1539.0,0.0,0.0,1,0.0,30,34
136,738307,936,109788,35-39,F,31,3010.0,1.0,0.860000014,1,1.0,35,39
137,738389,936,109808,40-44,F,10,27081.0,9.0,10.77000046,1,1.0,40,44
138,738408,936,109813,40-44,F,16,20233.0,4.0,5.590000153,3,0.0,40,44
139,738413,936,109813,40-44,F,16,147159.0,36.0,58.16000044,3,1.0,40,44
140,738423,936,109816,40-44,F,18,21664.0,7.0,10.61999977,1,1.0,40,44
141,738436,936,109820,40-44,F,19,9112.0,4.0,5.460000038,1,1.0,40,44
142,738463,936,109826,40-44,F,21,542.0,0.0,0.0,1,0.0,40,44
143,738528,936,109839,40-44,F,30,402.0,0.0,0.0,1,1.0,40,44
144,738560,936,109844,40-44,F,64,1338.0,0.0,0.0,1,0.0,40,44
145,738582,936,109848,45-49,F,10,46150.0,15.0,20.17999983,1,1.0,45,49
146,738592,936,109850,45-49,F,16,493821.0,92.25,147.842499759,4,1.0,45,49
147,738593,936,109850,45-49,F,16,92011.0,27.0,34.39000046,2,1.0,45,49
148,738598,936,109851,45-49,F,18,12956.0,4.0,5.49000001,1,1.0,45,49
149,738606,936,109852,45-49,F,19,529.0,0.0,0.0,1,0.0,45,49
150,738637,936,109857,45-49,F,24,944.0,1.0,1.419999957,1,0.0,45,49
151,738648,936,109859,45-49,F,26,111090.0,38.0,51.97000027,5,1.0,45,49
152,747212,936,110836,30-34,M,10,7208.0,2.0,3.190000057,1,0.0,30,34
153,747213,936,110836,30-34,M,10,1746.0,0.0,0.0,1,0.0,30,34
154,747220,936,110837,30-34,M,15,2474.0,0.0,0.0,2,2.0,30,34
155,747222,936,110838,30-34,M,16,12489.0,2.0,1.960000038,1,0.0,30,34
156,747223,936,110838,30-34,M,16,8032.0,1.0,0.600000024,2,0.0,30,34
157,747248,936,110842,30-34,M,21,472.0,0.0,0.0,1,1.0,30,34
158,747332,936,110856,30-34,M,64,792.0,0.0,0.0,1,1.0,30,34
159,747362,936,110861,35-39,M,15,4607.0,1.0,1.149999976,1,1.0,35,39
160,747369,936,110862,35-39,M,16,13355.0,2.0,3.180000067,1,1.0,35,39
161,747370,936,110862,35-39,M,16,2936.0,0.0,0.0,1,0.0,35,39
162,747401,936,110867,35-39,M,22,2793.0,1.0,0.980000019,1,1.0,35,39
163,747435,936,110873,35-39,M,28,1032.0,0.0,0.0,1,0.0,35,39
164,747439,936,110874,35-39,M,29,1662.0,0.0,0.0,1,1.0,35,39
165,747489,936,110882,40-44,M,2,4016.0,2.0,1.480000049,1,1.0,40,44
166,747514,936,110886,40-44,M,16,14843.0,3.0,2.939999938,1,1.0,40,44
167,747645,936,110908,45-49,M,10,9674.0,3.0,4.600000024,1,1.0,45,49
168,747659,936,110910,45-49,M,16,12186.0,2.0,2.669999957,1,0.0,45,49
169,747675,936,110913,45-49,M,20,673.0,0.0,0.0,1,0.0,45,49
170,747678,936,110914,45-49,M,21,370.0,0.0,0.0,1,1.0,45,49
171,747712,936,110919,45-49,M,26,450.0,0.0,0.0,1,1.0,45,49
172,747790,936,110932,30-34,F,10,2077.0,0.0,0.0,1,1.0,30,34
173,747791,936,110932,30-34,F,10,31393.0,8.0,10.96000051,1,1.0,30,34
174,747795,936,110933,30-34,F,15,8410.0,2.0,2.359999895,1,1.0,30,34
175,747798,936,110934,30-34,F,16,25884.0,5.0,7.350000143,1,0.0,30,34
176,747824,936,110938,30-34,F,21,608.0,0.0,0.0,1,1.0,30,34
177,747828,936,110939,30-34,F,22,28488.0,10.0,9.340000033,1,0.0,30,34
178,747852,936,110943,30-34,F,26,10126.0,3.0,4.619999886,1,0.0,30,34
179,747859,936,110944,30-34,F,27,22572.0,5.0,8.5,1,0.0,30,34
180,747863,936,110944,30-34,F,27,1955.0,0.0,0.0,1,1.0,30,34
181,747879,936,110947,30-34,F,30,493.0,0.0,0.0,1,0.0,30,34
182,747903,936,110951,30-34,F,63,1491.0,0.0,0.0,1,1.0,30,34
183,747911,936,110952,30-34,F,64,1495.0,0.0,0.0,1,1.0,30,34
184,747968,936,110962,35-39,F,21,512.0,0.0,0.0,0,0.0,35,39
185,747991,936,110966,35-39,F,25,4868.0,2.0,2.420000076,1,0.0,35,39
186,748000,936,110967,35-39,F,26,6585.0,2.0,2.950000048,1,0.0,35,39
187,748007,936,110968,35-39,F,27,10164.0,2.0,3.720000029,1,1.0,35,39
188,748014,936,110970,35-39,F,29,11182.0,4.0,4.449999809,1,0.0,35,39
189,748045,936,110975,35-39,F,63,1238.0,0.0,0.0,1,0.0,35,39
190,748086,936,110982,40-44,F,16,34127.0,8.0,13.07000017,1,0.0,40,44
191,748087,936,110982,40-44,F,16,29466.0,7.0,10.84999967,2,0.0,40,44
192,748089,936,110982,40-44,F,16,38759.0,9.0,10.84999967,1,0.0,40,44
193,748091,936,110982,40-44,F,16,41720.0,10.0,12.06000006,1,1.0,40,44
194,748225,936,111005,45-49,F,15,18602.0,5.0,8.860000134,1,0.0,45,49
195,748230,936,111006,45-49,F,16,83929.0,21.0,27.72999954,4,1.0,45,49
196,748231,936,111006,45-49,F,16,25194.0,6.0,7.349999905,1,0.0,45,49
197,748233,936,111006,45-49,F,16,78627.0,19.0,26.53000045,1,0.0,45,49
198,748235,936,111006,45-49,F,16,102695.0,25.0,39.42999983,3,0.0,45,49
199,748294,936,111016,45-49,F,27,82827.0,24.0,47.93000031,3,0.0,45,49
200,748295,936,111016,45-49,F,27,9240.0,3.0,6.039999962,1,0.0,45,49
201,748303,936,111018,45-49,F,29,7706.0,2.0,2.369999886,1,0.0,45,49
202,748314,936,111020,45-49,F,31,7821.0,4.0,6.340000153,1,1.0,45,49
203,748341,936,111024,45-49,F,64,1363.0,0.0,0.0,1,1.0,45,49
204,776318,936,115484,45-49,F,15,3569.0,0.0,0.0,1,1.0,45,49
205,776322,936,115485,45-49,F,16,119063.0,34.0,53.21999949,1,0.0,45,49
206,776323,936,115485,45-49,F,16,99078.0,23.0,35.79999948,2,0.0,45,49
207,776325,936,115485,45-49,F,16,452398.0,92.25,147.842499759,1,0.0,45,49
208,776334,936,115487,45-49,F,10,191223.0,48.0,76.41000056,1,0.0,45,49
209,776336,936,115487,45-49,F,10,22216.0,6.0,9.549999952,1,0.0,45,49
210,776338,936,115487,45-49,F,10,48291.0,11.0,18.01999998,1,0.0,45,49
211,776353,936,115490,40-44,F,63,27559.0,8.0,13.37,1,0.0,40,44
212,776373,936,115493,45-49,F,25,10194.0,4.0,4.590000033,2,1.0,45,49
213,776383,936,115495,45-49,F,23,1168.0,0.0,0.0,1,1.0,45,49
214,776405,936,115498,45-49,F,21,40126.0,16.0,25.86000001,1,0.0,45,49
215,776416,936,115500,45-49,F,19,3659.0,1.0,0.49000001,1,1.0,45,49
216,776430,936,115503,30-34,M,10,3200.0,0.0,0.0,1,0.0,30,34
217,776464,936,115508,45-49,F,29,7550.0,1.0,1.679999948,1,1.0,45,49
218,776469,936,115509,45-49,F,28,45397.0,15.0,25.41999936,1,1.0,45,49
219,776473,936,115510,30-34,M,16,23086.0,2.0,3.310000062,1,1.0,30,34
220,776475,936,115510,30-34,M,16,16425.0,1.0,1.549999952,1,0.0,30,34
221,776476,936,115510,30-34,M,16,43756.0,5.0,5.439999938,0,0.0,30,34
222,776477,936,115510,30-34,M,16,9982.0,0.0,0.0,1,0.0,30,34
223,776489,936,115512,45-49,F,26,175389.0,55.0,81.60999787,1,0.0,45,49
224,776494,936,115513,30-34,M,15,7015.0,0.0,0.0,1,0.0,30,34
225,776515,936,115517,45-49,F,65,12706.0,3.0,4.98999989,1,1.0,45,49
226,776519,936,115517,45-49,F,65,70702.0,20.0,31.7099998,1,0.0,45,49
227,776533,936,115520,45-49,F,63,63927.0,16.0,25.52000046,2,0.0,45,49
228,776534,936,115520,45-49,F,63,15105.0,3.0,4.25999999,1,0.0,45,49
229,776538,936,115521,30-34,F,15,8774.0,1.0,1.830000043,1,0.0,30,34
230,776551,936,115523,30-34,F,16,14459.0,1.0,1.389999986,1,0.0,30,34
231,776552,936,115523,30-34,F,16,21596.0,2.0,2.809999943,1,0.0,30,34
232,776553,936,115523,30-34,F,16,66765.0,8.0,11.04999971,1,0.0,30,34
233,776563,936,115525,30-34,F,7,1369.0,0.0,0.0,1,1.0,30,34
234,776579,936,115527,30-34,F,10,26910.0,5.0,7.229999781,1,0.0,30,34
235,776603,936,115531,30-34,F,2,506.0,0.0,0.0,1,0.0,30,34
236,776615,936,115533,45-49,M,63,11988.0,3.0,4.269999862,1,0.0,45,49
237,776623,936,115535,45-49,M,64,19353.0,6.0,9.4799999,1,1.0,45,49
238,776631,936,115536,40-44,M,29,10960.0,2.0,2.890000105,1,0.0,40,44
239,776643,936,115538,30-34,M,15,33491.0,6.0,10.56999969,2,1.0,30,34
240,776644,936,115538,30-34,M,15,20083.0,2.0,3.200000048,2,1.0,30,34
241,776659,936,115541,30-34,M,16,8817.0,0.0,0.0,1,1.0,30,34
242,776661,936,115541,30-34,M,16,15466.0,1.0,0.970000029,1,0.0,30,34
243,776662,936,115541,30-34,M,16,27072.0,3.0,4.370000005,1,0.0,30,34
244,776663,936,115541,30-34,M,16,15753.0,1.0,0.569999993,1,1.0,30,34
245,776668,936,115542,40-44,M,19,3523.0,1.0,1.809999943,1,1.0,40,44
246,776685,936,115545,40-44,M,16,7745.0,0.0,0.0,1,0.0,40,44
247,776686,936,115545,40-44,M,16,18709.0,2.0,3.319999933,1,0.0,40,44
248,776687,936,115545,40-44,M,16,8022.0,0.0,0.0,2,1.0,40,44
249,776696,936,115547,30-34,M,10,7966.0,1.0,1.179999948,1,1.0,30,34
250,776697,936,115547,30-34,M,10,4132.0,0.0,0.0,1,1.0,30,34
251,776698,936,115547,30-34,M,10,12785.0,3.0,4.730000019,2,1.0,30,34
252,776699,936,115547,30-34,M,10,8213.0,1.0,1.379999995,1,1.0,30,34
253,776722,936,115551,30-34,M,2,545.0,0.0,0.0,1,1.0,30,34
254,776725,936,115552,40-44,M,23,2479.0,1.0,1.25999999,1,0.0,40,44
255,776780,936,115561,40-44,M,2,3812.0,2.0,3.049999952,1,0.0,40,44
256,776793,936,115563,45-49,M,21,1609.0,0.0,0.0,1,0.0,45,49
257,776799,936,115564,45-49,M,20,10257.0,3.0,3.579999924,1,1.0,45,49
258,776817,936,115567,40-44,M,10,12356.0,4.0,6.279999971,1,0.0,40,44
259,776825,936,115568,45-49,M,18,7410.0,1.0,1.210000038,1,0.0,45,49
260,776829,936,115569,45-49,M,16,140098.0,28.0,46.63000011,1,0.0,45,49
261,776831,936,115569,45-49,M,16,107021.0,20.0,34.44000012,1,0.0,45,49
262,776840,936,115571,35-39,M,36,2797.0,1.0,1.289999962,1,0.0,35,39
263,776861,936,115574,45-49,M,7,16461.0,6.0,9.21999979,1,0.0,45,49
264,776892,936,115580,40-44,M,63,17488.0,5.0,7.719999909,1,0.0,40,44
265,776928,936,115586,35-39,M,10,9750.0,2.0,1.5,1,1.0,35,39
266,776935,936,115587,45-49,M,36,1136.0,0.0,0.0,1,1.0,45,49
267,777105,936,115615,45-49,M,63,4333.0,1.0,0.180000007,1,1.0,45,49
268,777130,936,115619,35-39,M,16,6260.0,0.0,0.0,1,0.0,35,39
269,777131,936,115619,35-39,M,16,6359.0,0.0,0.0,1,0.0,35,39
270,777166,936,115625,30-34,M,63,2383.0,0.0,0.0,1,1.0,30,34
271,777187,936,115629,40-44,M,27,11292.0,3.0,5.389999866,1,1.0,40,44
272,777198,936,115631,30-34,M,64,12729.0,4.0,5.779999852,1,0.0,30,34
273,777200,936,115631,30-34,M,64,1898.0,0.0,0.0,1,1.0,30,34
274,777201,936,115631,30-34,M,64,1882.0,0.0,0.0,1,1.0,30,34
275,777235,936,115637,30-34,M,65,2883.0,1.0,0.99000001,1,1.0,30,34
276,777248,936,115639,30-34,F,7,3989.0,1.0,1.279999971,1,0.0,30,34
277,777261,936,115641,40-44,M,29,19603.0,4.0,5.279999971,1,1.0,40,44
278,777382,936,115675,40-44,M,24,3047.0,1.0,1.379999995,1,0.0,40,44
279,777398,936,115677,35-39,M,24,3029.0,1.0,1.049999952,1,1.0,35,39
280,777410,936,115679,45-49,M,26,3490.0,1.0,1.340000033,1,1.0,45,49
281,777482,936,115691,45-49,M,28,2479.0,0.0,0.0,1,0.0,45,49
282,777495,936,115693,40-44,M,19,19581.0,7.0,10.42999983,2,0.0,40,44
283,777519,936,115697,45-49,M,29,19537.0,5.0,6.099999905,1,0.0,45,49
284,777625,936,115715,45-49,M,16,59433.0,12.0,19.65999949,3,0.0,45,49
285,777627,936,115715,45-49,M,16,157534.0,33.0,56.19000077,2,0.0,45,49
286,777638,936,115717,40-44,M,7,1781.0,0.0,0.0,1,1.0,40,44
287,777670,936,115723,40-44,M,16,23769.0,4.0,6.029999852,1,0.0,40,44
288,777673,936,115723,40-44,M,16,7101.0,0.0,0.0,1,0.0,40,44
289,777742,936,115735,35-39,M,64,4726.0,1.0,1.830000043,1,1.0,35,39
290,777758,936,115737,30-34,M,19,5209.0,1.0,0.959999979,2,0.0,30,34
291,777794,936,115743,30-34,M,18,13473.0,3.0,2.619999945,3,0.0,30,34
292,777816,936,115747,40-44,M,2,500.0,0.0,0.0,1,1.0,40,44
293,777871,936,115756,30-34,M,20,4616.0,1.0,1.360000014,1,0.0,30,34
294,777904,936,115762,30-34,M,31,3279.0,0.0,0.0,1,0.0,30,34
295,777905,936,115762,30-34,M,31,3288.0,0.0,0.0,1,0.0,30,34
296,778037,936,115784,35-39,M,27,14615.0,4.0,6.050000191,1,0.0,35,39
297,778048,936,115786,30-34,M,27,56615.0,12.0,19.88000035,2,0.0,30,34
298,778085,936,115792,30-34,M,26,11735.0,3.0,4.529999971,1,1.0,30,34
299,778087,936,115792,30-34,M,26,15910.0,5.0,6.779999852,1,0.0,30,34
300,778112,936,115796,35-39,M,29,11446.0,2.0,3.090000033,1,1.0,35,39
301,778113,936,115796,35-39,M,29,4595.0,0.0,0.0,1,0.0,35,39
302,778124,936,115798,30-34,M,29,4871.0,0.0,0.0,1,0.0,30,34
303,778148,936,115802,35-39,M,28,3199.0,0.0,0.0,1,0.0,35,39
304,778156,936,115804,30-34,M,28,9388.0,2.0,3.140000105,1,0.0,30,34
305,778161,936,115804,30-34,M,28,17954.0,6.0,7.5400002,2,1.0,30,34
306,778208,936,115812,40-44,F,29,2755.0,0.0,0.0,1,0.0,40,44
307,778264,936,115822,40-44,F,27,8152.0,1.0,0.99000001,1,0.0,40,44
308,778266,936,115822,40-44,F,27,74542.0,19.0,34.1500001,1,0.0,40,44
309,778421,936,115848,40-44,F,20,6699.0,2.0,3.090000033,1,0.0,40,44
310,778422,936,115848,40-44,F,20,11911.0,4.0,3.959999919,1,0.0,40,44
311,778461,936,115854,40-44,M,29,10090.0,2.0,2.650000095,1,1.0,40,44
312,778471,936,115856,30-34,M,32,1273.0,0.0,0.0,1,1.0,30,34
313,778483,936,115858,40-44,F,18,24188.0,5.0,8.179999828,1,0.0,40,44
314,778529,936,115866,30-34,M,31,2214.0,0.0,0.0,1,0.0,30,34
315,778556,936,115870,40-44,M,32,9735.0,4.0,4.130000114,1,1.0,40,44
316,778590,936,115876,30-34,M,30,1371.0,0.0,0.0,1,1.0,30,34
317,778600,936,115878,40-44,F,22,10750.0,4.0,5.389999866,1,0.0,40,44
318,778626,936,115882,30-34,M,29,7629.0,1.0,0.720000029,1,1.0,30,34
319,778628,936,115882,30-34,M,29,4608.0,0.0,0.0,1,0.0,30,34
320,778674,936,115890,35-39,M,29,3732.0,0.0,0.0,1,0.0,35,39
321,778689,936,115892,30-34,M,28,7453.0,1.0,1.679999948,1,1.0,30,34
322,778722,936,115898,35-39,F,64,41785.0,14.0,19.10000038,1,0.0,35,39
323,778737,936,115900,35-39,M,27,8077.0,2.0,3.579999924,1,1.0,35,39
324,778756,936,115904,35-39,F,63,5602.0,1.0,1.580000043,1,0.0,35,39
325,778804,936,115912,30-34,M,26,6184.0,2.0,2.75,1,1.0,30,34
326,778808,936,115912,30-34,M,26,1738.0,0.0,0.0,1,0.0,30,34
327,778964,936,115938,35-39,F,27,112460.0,25.0,41.29000068,1,0.0,35,39
328,779057,936,115954,40-44,M,15,4414.0,0.0,0.0,1,0.0,40,44
329,779106,936,115962,35-39,F,30,14670.0,7.0,9.410000324,1,0.0,35,39
330,779438,936,116031,30-34,F,64,33144.0,9.0,13.40999985,1,0.0,30,34
331,779453,936,116033,45-49,M,64,4397.0,1.0,0.949999988,1,0.0,45,49
332,779488,936,116039,45-49,M,65,1006.0,0.0,0.0,1,0.0,45,49
333,779573,936,116053,35-39,F,10,89527.0,24.0,32.28999996,1,0.0,35,39
334,779608,936,116059,35-39,F,15,2459.0,0.0,0.0,1,0.0,35,39
335,779609,936,116059,35-39,F,15,7116.0,2.0,1.730000019,1,1.0,35,39
336,779622,936,116061,30-34,F,15,8613.0,1.0,0.889999986,2,0.0,30,34
337,779631,936,116063,35-39,F,16,9730.0,1.0,1.379999995,1,0.0,35,39
338,779644,936,116065,30-34,F,16,51816.0,8.0,10.2299999,2,1.0,30,34
339,779645,936,116065,30-34,F,16,27289.0,3.0,4.429999828,1,0.0,30,34
340,779715,936,116077,30-34,F,29,20409.0,4.0,3.829999924,1,0.0,30,34
341,779716,936,116077,30-34,F,29,8044.0,1.0,1.110000014,1,0.0,30,34
342,779738,936,116081,30-34,F,28,15645.0,4.0,5.349999905,1,0.0,30,34
343,779778,936,116087,30-34,F,31,2466.0,0.0,0.0,2,2.0,30,34
344,779789,936,116089,45-49,M,10,11611.0,3.0,3.950000048,1,1.0,45,49
345,779824,936,116095,45-49,M,7,9375.0,3.0,4.019999981,1,0.0,45,49
346,779871,936,116103,30-34,F,32,4402.0,1.0,1.330000043,1,1.0,30,34
347,779918,936,116111,30-34,F,18,8469.0,2.0,3.089999914,1,0.0,30,34
348,779922,936,116111,30-34,F,18,5823.0,1.0,1.419999957,1,1.0,30,34
349,779944,936,116115,35-39,M,10,2549.0,0.0,0.0,1,0.0,35,39
350,779979,936,116121,35-39,M,16,25817.0,4.0,6.019999981,1,0.0,35,39
351,779995,936,116123,30-34,F,20,1961.0,0.0,0.0,1,0.0,30,34
352,780064,936,116135,30-34,F,22,2554.0,0.0,0.0,1,0.0,30,34
353,780104,936,116147,30-34,F,25,4971.0,1.0,1.230000019,1,1.0,30,34
354,780199,936,116163,35-39,F,23,1030.0,0.0,0.0,1,1.0,35,39
355,780318,936,116183,45-49,F,29,162341.0,56.0,77.07999969,3,0.0,45,49
356,780323,936,116183,45-49,F,29,24542.0,7.0,9.329999924,1,0.0,45,49
357,780486,936,116216,30-34,F,65,2879.0,0.0,0.0,1,1.0,30,34
358,780498,936,116218,30-34,F,64,13621.0,3.0,4.090000033,1,0.0,30,34
359,780511,936,116220,30-34,F,63,6175.0,1.0,1.370000005,2,1.0,30,34
360,780629,936,116240,30-34,F,28,2963.0,0.0,0.0,1,0.0,30,34
361,780653,936,116244,30-34,F,29,9076.0,1.0,1.379999995,1,1.0,30,34
362,780655,936,116244,30-34,F,29,20941.0,4.0,5.909999967,1,1.0,30,34
363,780666,936,116246,45-49,F,10,3462.0,0.0,0.0,1,0.0,45,49
364,780681,936,116248,30-34,F,26,4073.0,0.0,0.0,1,1.0,30,34
365,780700,936,116252,30-34,F,27,3745.0,0.0,0.0,1,0.0,30,34
366,780748,936,116265,30-34,F,24,830.0,0.0,0.0,1,0.0,30,34
367,780759,936,116267,45-49,F,18,2912.0,0.0,0.0,1,0.0,45,49
368,780760,936,116267,45-49,F,18,17167.0,5.0,6.910000086,1,0.0,45,49
369,780797,936,116273,30-34,F,22,24491.0,7.0,9.539999962,1,0.0,30,34
370,780799,936,116273,30-34,F,22,44699.0,13.0,17.30000037,2,0.0,30,34
371,780821,936,116277,30-34,F,23,6469.0,2.0,1.309999943,1,0.0,30,34
372,780830,936,116279,45-49,F,16,16053.0,3.0,4.079999924,1,1.0,45,49
373,780835,936,116279,45-49,F,16,54724.0,12.0,17.92999995,1,1.0,45,49
374,780867,936,116285,30-34,F,21,4706.0,1.0,1.220000029,1,0.0,30,34
375,780974,936,116303,40-44,F,32,8316.0,3.0,4.569999933,1,1.0,40,44
376,781066,936,116323,40-44,F,22,5794.0,2.0,2.269999981,1,0.0,40,44
377,781114,936,116331,40-44,F,18,4813.0,1.0,1.029999971,1,0.0,40,44
378,781159,936,116339,40-44,F,10,85285.0,26.0,36.13000035,1,0.0,40,44
379,781162,936,116339,40-44,F,10,5839.0,1.0,1.370000005,1,0.0,40,44
380,781175,936,116341,40-44,F,15,5859.0,1.0,1.539999962,1,0.0,40,44
381,781187,936,116343,40-44,F,16,164118.0,41.0,59.06999993,1,0.0,40,44
382,781195,936,116345,35-39,F,63,18234.0,6.0,7.810000062,1,0.0,35,39
383,781207,936,116347,35-39,F,64,2755.0,0.0,0.0,1,0.0,35,39
384,781303,936,116363,35-39,F,27,73676.0,20.0,28.5,1,0.0,35,39
385,781305,936,116363,35-39,F,27,18421.0,7.0,10.07999992,1,0.0,35,39
386,781327,936,116367,35-39,F,29,164754.0,49.0,67.97999978,2,1.0,35,39
387,781353,936,116371,35-39,F,10,7449.0,1.0,1.639999986,1,1.0,35,39
388,781354,936,116371,35-39,F,10,6424.0,1.0,0.529999971,1,0.0,35,39
389,781438,936,116385,30-34,M,63,2086.0,0.0,0.0,1,0.0,30,34
390,781470,936,116391,35-39,M,16,6016.0,0.0,0.0,1,0.0,35,39
391,781499,936,116395,35-39,M,15,6412.0,1.0,1.370000005,1,0.0,35,39
392,781508,936,116397,30-34,F,63,5040.0,1.0,1.440000057,1,0.0,30,34
393,781556,936,116405,30-34,F,32,1772.0,0.0,0.0,1,0.0,30,34
394,781559,936,116405,30-34,F,32,1783.0,0.0,0.0,1,0.0,30,34
395,781606,936,116413,35-39,M,20,8200.0,3.0,3.919999957,1,0.0,35,39
396,781690,936,116427,45-49,F,26,115896.0,38.0,49.44000006,1,0.0,45,49
397,781811,936,116447,35-39,F,16,10186.0,1.0,1.230000019,1,1.0,35,39
398,781857,936,116455,30-34,M,20,9134.0,3.0,4.180000067,2,0.0,30,34
399,781858,936,116455,30-34,M,20,3385.0,1.0,1.440000057,1,1.0,30,34
400,781907,936,116463,45-49,F,21,1314.0,0.0,0.0,1,0.0,45,49
401,781928,936,116467,30-34,M,18,2916.0,0.0,0.0,1,1.0,30,34
402,781929,936,116467,30-34,M,18,6142.0,1.0,1.330000043,1,0.0,30,34
403,781950,936,116471,30-34,F,20,1984.0,0.0,0.0,1,0.0,30,34
404,781999,936,116479,30-34,M,24,9142.0,3.0,3.749999881,1,0.0,30,34
405,782001,936,116479,30-34,M,24,5475.0,2.0,2.730000019,1,1.0,30,34
406,782022,936,116483,30-34,F,18,8254.0,2.0,2.320000052,1,1.0,30,34
407,782026,936,116483,30-34,F,18,5704.0,1.0,1.320000052,1,0.0,30,34
408,782130,936,116501,30-34,F,16,7301.0,0.0,0.0,1,0.0,30,34
409,782134,936,116501,30-34,F,16,37873.0,5.0,6.169999957,1,1.0,30,34
410,782135,936,116501,30-34,F,16,25267.0,4.0,4.940000057,2,1.0,30,34
411,782171,936,116507,30-34,F,30,535.0,0.0,0.0,1,0.0,30,34
412,782180,936,116509,30-34,M,29,3396.0,0.0,0.0,1,0.0,30,34
413,782219,936,116515,30-34,M,26,977.0,0.0,0.0,1,0.0,30,34
414,782228,936,116517,40-44,F,63,12318.0,5.0,6.340000153,1,1.0,40,44
415,782242,936,116519,30-34,F,28,4783.0,1.0,0.860000014,1,0.0,30,34
416,782275,936,116525,30-34,F,29,6475.0,1.0,1.350000024,1,0.0,30,34
417,782337,936,116535,45-49,F,16,104578.0,29.0,39.25000095,1,1.0,45,49
418,782407,936,116547,45-49,F,10,33664.0,11.0,12.51000035,1,0.0,45,49
419,782443,936,116553,40-44,F,20,979.0,0.0,0.0,1,0.0,40,44
420,782541,936,116569,40-44,F,28,7337.0,3.0,4.079999924,1,0.0,40,44
421,782587,936,116577,30-34,M,10,2499.0,0.0,0.0,1,0.0,30,34
422,782647,936,116587,40-44,F,27,11244.0,3.0,4.550000191,1,0.0,40,44
423,782658,936,116589,30-34,M,15,4827.0,0.0,0.0,1,0.0,30,34
424,782694,936,116595,35-39,F,29,29035.0,7.0,8.910000086,2,2.0,35,39
425,782706,936,116597,35-39,F,30,761.0,0.0,0.0,1,0.0,35,39
426,782754,936,116605,35-39,F,26,6532.0,1.0,1.610000014,1,0.0,35,39
427,782815,936,116615,40-44,F,10,11537.0,3.0,4.300000191,1,0.0,40,44
428,782816,936,116615,40-44,F,10,12183.0,3.0,2.869999945,1,0.0,40,44
429,782862,936,116623,35-39,F,64,5912.0,1.0,1.559999943,1,1.0,35,39
430,950068,936,123438,30-34,M,10,4012.0,1.0,1.570000052,1,0.0,30,34
431,950078,936,123440,30-34,M,16,12396.0,2.0,3.210000038,2,1.0,30,34
432,950079,936,123440,30-34,M,16,3142.0,0.0,0.0,2,2.0,30,34
433,950099,936,123443,30-34,M,18,1120.0,0.0,0.0,1,0.0,30,34
434,950109,936,123445,30-34,M,20,343.0,0.0,0.0,1,1.0,30,34
435,950170,936,123455,30-34,M,15,1720.0,0.0,0.0,1,1.0,30,34
436,950179,936,123457,30-34,M,16,3423.0,0.0,0.0,1,1.0,30,34
437,950182,936,123457,30-34,M,16,3242.0,0.0,0.0,1,0.0,30,34
438,950183,936,123457,30-34,M,16,15720.0,1.0,1.379999995,1,0.0,30,34
439,950200,936,123460,30-34,M,10,1217.0,0.0,0.0,1,1.0,30,34
440,950224,936,123464,40-44,M,20,2367.0,2.0,2.839999914,1,1.0,40,44
441,950326,936,123481,35-39,M,16,6607.0,1.0,1.320000052,2,0.0,35,39
442,950345,936,123484,30-34,M,64,616.0,0.0,0.0,1,0.0,30,34
443,950452,936,123502,45-49,M,16,5537.0,1.0,1.519999981,1,0.0,45,49
444,950463,936,123504,45-49,M,15,818.0,0.0,0.0,1,0.0,45,49
445,950495,936,123509,45-49,M,21,1909.0,1.0,0.980000019,1,0.0,45,49
446,950521,936,123514,30-34,M,21,351.0,0.0,0.0,1,0.0,30,34
447,950531,936,123515,45-49,M,22,572.0,0.0,0.0,1,0.0,45,49
448,950537,936,123516,40-44,M,36,1884.0,1.0,1.409999967,1,0.0,40,44
449,950550,936,123519,30-34,M,30,219.0,0.0,0.0,1,0.0,30,34
450,950577,936,123523,30-34,M,32,540.0,0.0,0.0,1,1.0,30,34
451,950578,936,123523,30-34,M,32,550.0,0.0,0.0,1,0.0,30,34
452,950595,936,123526,30-34,M,26,465.0,0.0,0.0,1,0.0,30,34
453,950609,936,123528,30-34,M,29,1761.0,0.0,0.0,1,1.0,30,34
454,950629,936,123532,30-34,M,65,152.0,0.0,0.0,1,1.0,30,34
455,950631,936,123532,30-34,M,65,152.0,0.0,0.0,1,1.0,30,34
456,950649,936,123535,30-34,M,64,429.0,0.0,0.0,1,0.0,30,34
457,950745,936,123551,30-34,M,29,1514.0,0.0,0.0,2,2.0,30,34
458,950770,936,123555,30-34,M,28,7780.0,3.0,4.329999924,2,2.0,30,34
459,950772,936,123556,35-39,M,28,460.0,0.0,0.0,1,0.0,35,39
460,950773,936,123556,35-39,M,28,471.0,0.0,0.0,1,0.0,35,39
461,950776,936,123556,35-39,M,28,2633.0,1.0,1.070000052,1,0.0,35,39
462,950787,936,123558,30-34,M,27,199.0,0.0,0.0,1,0.0,30,34
463,950808,936,123562,35-39,M,32,398.0,0.0,0.0,1,0.0,35,39
464,950839,936,123567,30-34,M,24,246.0,0.0,0.0,2,2.0,30,34
465,950878,936,123573,40-44,M,10,2967.0,1.0,1.5,1,1.0,40,44
466,950969,936,123588,45-49,M,36,255.0,0.0,0.0,1,0.0,45,49
467,951021,936,123597,30-34,F,7,457.0,0.0,0.0,1,1.0,30,34
468,951033,936,123599,30-34,F,10,5517.0,1.0,1.230000019,1,0.0,30,34
469,951035,936,123599,30-34,F,10,1539.0,0.0,0.0,1,1.0,30,34
470,951043,936,123601,30-34,F,16,3189.0,0.0,0.0,1,0.0,30,34
471,951045,936,123601,30-34,F,16,3348.0,0.0,0.0,1,0.0,30,34
472,951046,936,123601,30-34,F,16,20050.0,4.0,4.659999847,4,1.0,30,34
473,951102,936,123611,45-49,M,16,2254.0,0.0,0.0,1,0.0,45,49
474,951105,936,123611,45-49,M,16,5894.0,1.0,1.539999962,1,1.0,45,49
475,951133,936,123616,35-39,M,16,9948.0,2.0,2.720000029,2,0.0,35,39
476,951202,936,123627,45-49,F,26,5307.0,3.0,4.289999962,2,1.0,45,49
477,951225,936,123631,35-39,F,22,4621.0,2.0,3.25,1,1.0,35,39
478,951270,936,123639,35-39,F,18,784.0,0.0,0.0,1,1.0,35,39
479,951282,936,123641,35-39,F,16,5775.0,1.0,1.580000043,1,1.0,35,39
480,951285,936,123641,35-39,F,16,9297.0,2.0,2.619999886,2,1.0,35,39
481,951294,936,123643,35-39,F,15,699.0,0.0,0.0,1,0.0,35,39
482,951305,936,123644,35-39,F,10,1104.0,0.0,0.0,1,0.0,35,39
483,951334,936,123649,30-34,F,64,3717.0,1.0,1.539999962,1,0.0,30,34
484,951391,936,123659,30-34,F,28,2879.0,1.0,1.590000033,2,2.0,30,34
485,951392,936,123659,30-34,F,28,2749.0,1.0,1.389999986,1,0.0,30,34
486,951400,936,123660,45-49,F,10,24028.0,9.0,12.39000034,2,0.0,45,49
487,951402,936,123661,30-34,F,29,1118.0,0.0,0.0,1,1.0,30,34
488,951413,936,123662,30-34,F,26,1083.0,0.0,0.0,2,1.0,30,34
489,951420,936,123664,30-34,F,27,843.0,0.0,0.0,1,0.0,30,34
490,951444,936,123668,30-34,F,25,2983.0,1.0,0.970000029,1,0.0,30,34
491,951448,936,123668,30-34,F,25,696.0,0.0,0.0,1,0.0,30,34
492,951462,936,123671,45-49,F,16,7589.0,2.0,3.150000095,1,1.0,45,49
493,951464,936,123671,45-49,F,16,20997.0,10.0,11.94999981,1,0.0,45,49
494,951465,936,123671,45-49,F,16,4617.0,1.0,1.360000014,1,0.0,45,49
495,951498,936,123677,45-49,F,20,259.0,0.0,0.0,1,0.0,45,49
496,951508,936,123678,30-34,F,18,1134.0,0.0,0.0,1,0.0,30,34
497,951542,936,123684,40-44,F,27,357.0,0.0,0.0,1,0.0,40,44
498,951607,936,123695,40-44,F,10,848.0,0.0,0.0,1,1.0,40,44
499,951608,936,123695,40-44,F,10,3149.0,1.0,1.480000019,1,0.0,40,44
500,951641,936,123700,40-44,F,2,87.0,0.0,0.0,1,1.0,40,44
501,951677,936,123706,35-39,F,27,2563.0,1.0,1.480000019,1,0.0,35,39
502,951692,936,123709,35-39,F,10,1107.0,0.0,0.0,1,0.0,35,39
503,951715,936,123713,45-49,F,64,10677.0,5.0,7.269999981,1,0.0,45,49
504,951756,936,123720,35-39,F,22,2189.0,1.0,0.409999996,1,0.0,35,39
505,951779,936,123723,45-49,F,27,3277.0,2.0,2.680000067,1,0.0,45,49
506,951782,936,123724,45-49,F,26,781.0,0.0,0.0,1,0.0,45,49
507,951810,936,123729,35-39,F,16,2226.0,0.0,0.0,1,0.0,35,39
508,951812,936,123729,35-39,F,16,16274.0,4.0,6.079999924,2,0.0,35,39
509,951837,936,123733,45-49,F,20,2077.0,1.0,1.50999999,1,1.0,45,49
510,951853,936,123736,30-34,F,20,529.0,0.0,0.0,0,0.0,30,34
511,951854,936,123736,30-34,F,20,487.0,0.0,0.0,1,0.0,30,34
512,951856,936,123736,30-34,F,20,4626.0,2.0,2.099999905,2,0.0,30,34
513,951941,936,123750,30-34,F,28,2764.0,1.0,1.559999943,1,1.0,30,34
514,952001,936,123760,45-49,F,10,5447.0,2.0,2.960000038,1,0.0,45,49
515,952031,936,123765,40-44,F,16,28169.0,8.0,12.36999989,1,1.0,40,44
516,952080,936,123774,40-44,F,27,415.0,0.0,0.0,1,0.0,40,44
517,952100,936,123777,35-39,F,29,810.0,0.0,0.0,1,1.0,35,39
518,1121091,1178,144531,30-34,M,10,544667.25,92.25,147.842499759,6,2.5,30,34
519,1121092,1178,144531,30-34,M,10,544667.25,67.0,122.4,6,2.5,30,34
520,1121094,1178,144531,30-34,M,10,24362.0,0.0,0.0,1,1.0,30,34
521,1121095,1178,144531,30-34,M,10,459690.0,50.0,86.33000112,5,2.0,30,34
522,1121096,1178,144531,30-34,M,10,544667.25,86.0,147.842499759,6,2.0,30,34
523,1121097,1178,144532,30-34,M,15,30068.0,1.0,1.820000052,1,0.0,30,34
524,1121098,1178,144532,30-34,M,15,544667.25,92.25,147.842499759,6,2.5,30,34
525,1121100,1178,144532,30-34,M,15,544667.25,92.25,147.842499759,6,2.5,30,34
526,1121101,1178,144532,30-34,M,15,29945.0,1.0,1.590000033,2,1.0,30,34
527,1121102,1178,144532,30-34,M,15,357856.0,30.0,52.97000015,6,2.5,30,34
528,1121104,1178,144533,30-34,M,16,544667.25,92.25,147.842499759,6,2.5,30,34
529,1121105,1178,144533,30-34,M,16,145999.0,9.0,16.5200001,5,2.0,30,34
530,1121107,1178,144533,30-34,M,16,32616.0,1.0,1.539999962,2,0.0,30,34
531,1121108,1178,144533,30-34,M,16,544667.25,92.25,147.842499759,6,2.5,30,34
532,1121110,1178,144534,30-34,M,18,544667.25,92.25,147.842499759,6,2.0,30,34
533,1121111,1178,144534,30-34,M,18,182452.0,20.0,35.73000026,4,1.0,30,34
534,1121113,1178,144534,30-34,M,18,544667.25,92.25,147.842499759,6,2.5,30,34
535,1121114,1178,144534,30-34,M,18,31349.0,2.0,3.800000072,1,0.0,30,34
536,1121115,1178,144535,30-34,M,19,410310.0,55.0,96.80000055,3,0.0,30,34
537,1121116,1178,144535,30-34,M,19,544667.25,89.0,147.842499759,6,2.5,30,34
538,1121117,1178,144535,30-34,M,19,98759.0,15.0,26.56999946,1,1.0,30,34
539,1121119,1178,144535,30-34,M,19,345371.0,54.0,93.08999991,6,2.5,30,34
540,1121121,1178,144536,30-34,M,20,323899.0,46.0,78.9200002,5,1.0,30,34
541,1121122,1178,144536,30-34,M,20,399199.0,58.0,103.1500002,3,0.0,30,34
542,1121123,1178,144536,30-34,M,20,171202.0,22.0,36.53000021,3,1.0,30,34
543,1121124,1178,144536,30-34,M,20,128386.0,15.0,28.85000002,2,1.0,30,34
544,1121125,1178,144536,30-34,M,20,544667.25,92.25,147.842499759,6,2.5,30,34
545,1121126,1178,144536,30-34,M,20,45923.0,5.0,7.220000148,2,0.0,30,34
546,1121127,1178,144537,30-34,M,21,40873.0,4.0,7.899999976,2,1.0,30,34
547,1121128,1178,144537,30-34,M,21,286553.0,34.0,62.06000042,2,1.0,30,34
548,1121129,1178,144537,30-34,M,21,20618.0,1.0,2.099999905,2,1.0,30,34
549,1121131,1178,144537,30-34,M,21,83591.0,7.0,14.14000046,2,2.0,30,34
550,1121132,1178,144537,30-34,M,21,114923.0,12.0,23.73000026,4,2.0,30,34
551,1121133,1178,144538,30-34,M,22,25002.0,1.0,1.710000038,1,0.0,30,34
552,1121134,1178,144538,30-34,M,22,68905.0,5.0,9.440000057,1,0.0,30,34
553,1121136,1178,144538,30-34,M,22,169588.0,16.0,27.79999924,1,0.0,30,34
554,1121138,1178,144538,30-34,M,22,328991.0,35.0,67.65000057,5,2.0,30,34
555,1121141,1178,144539,30-34,M,23,23198.0,2.0,2.980000019,1,0.0,30,34
556,1121142,1178,144539,30-34,M,23,26890.0,2.0,3.24000001,1,0.0,30,34
557,1121143,1178,144539,30-34,M,23,221695.0,31.0,52.26000011,5,2.0,30,34
558,1121152,1178,144541,30-34,M,24,88443.0,7.0,13.0400002,1,1.0,30,34
559,1121153,1178,144541,30-34,M,24,187856.0,23.0,38.38999975,5,1.0,30,34
560,1121164,1178,144545,30-34,M,25,544667.25,80.0,138.7699997,6,2.0,30,34
561,1121167,1178,144545,30-34,M,25,544667.25,92.25,147.842499759,6,2.5,30,34
562,1121168,1178,144545,30-34,M,25,50523.0,6.0,8.549999952,1,0.0,30,34
563,1121172,1178,144547,30-34,M,26,87935.0,9.0,15.63000023,1,0.0,30,34
564,1121173,1178,144547,30-34,M,26,278225.0,33.0,60.19999957,3,0.0,30,34
565,1121175,1178,144547,30-34,M,26,209461.0,20.0,34.19000006,1,0.0,30,34
566,1121177,1178,144547,30-34,M,26,26316.0,2.0,3.24000001,3,0.0,30,34
567,1121181,1178,144549,30-34,M,27,41030.0,3.0,5.140000105,2,1.0,30,34
568,1121182,1178,144549,30-34,M,27,544667.25,92.25,147.842499759,6,2.5,30,34
569,1121183,1178,144549,30-34,M,27,399392.0,53.0,93.07000041,5,0.0,30,34
570,1121184,1178,144549,30-34,M,27,283858.0,30.0,56.05999923,1,0.0,30,34
571,1121185,1178,144549,30-34,M,27,260699.0,31.0,54.09999871,5,2.0,30,34
572,1121193,1178,144552,30-34,M,28,57781.0,5.0,7.800000072,2,1.0,30,34
573,1121195,1178,144552,30-34,M,28,38757.0,3.0,5.220000029,1,0.0,30,34
574,1121196,1178,144552,30-34,M,28,544667.25,92.25,147.842499759,6,2.5,30,34
575,1121197,1178,144552,30-34,M,28,544667.25,92.25,147.842499759,6,2.0,30,34
576,1121202,1178,144554,30-34,M,29,544667.25,65.0,115.1200008,6,2.5,30,34
577,1121203,1178,144554,30-34,M,29,544667.25,92.25,147.842499759,6,2.5,30,34
578,1121205,1178,144554,30-34,M,29,297452.0,30.0,52.01999986,4,1.0,30,34
579,1121206,1178,144554,30-34,M,29,227925.0,22.0,35.30999994,6,2.5,30,34
580,1121207,1178,144554,30-34,M,29,374175.0,38.0,63.32000101,6,2.5,30,34
581,1121211,1178,144556,30-34,M,30,223586.0,32.0,54.24000037,1,0.0,30,34
582,1121213,1178,144556,30-34,M,30,283170.0,39.0,65.22999996,2,1.0,30,34
583,1121215,1178,144556,30-34,M,30,41636.0,3.0,4.210000038,1,0.0,30,34
584,1121216,1178,144556,30-34,M,30,198658.0,30.0,48.60999978,6,1.0,30,34
585,1121220,1178,144558,30-34,M,31,100596.0,10.0,13.91999972,4,2.0,30,34
586,1121223,1178,144558,30-34,M,31,64020.0,5.0,11.0599997,1,0.0,30,34
587,1121224,1178,144558,30-34,M,31,14289.0,0.0,0.0,1,0.0,30,34
588,1121229,1178,144561,30-34,M,32,404866.0,43.0,87.42000079,4,0.0,30,34
589,1121231,1178,144561,30-34,M,32,22256.0,1.0,1.659999967,1,1.0,30,34
590,1121233,1178,144561,30-34,M,32,57690.0,4.0,6.74000001,1,0.0,30,34
591,1121241,1178,144562,30-34,M,36,24952.0,5.0,8.220000267,3,2.0,30,34
592,1121242,1178,144562,30-34,M,36,38900.0,3.0,5.580000043,1,0.0,30,34
593,1121243,1178,144562,30-34,M,36,53520.0,6.0,9.2299999,1,1.0,30,34
594,1121244,1178,144562,30-34,M,36,181683.0,20.0,34.22999972,2,1.0,30,34
595,1121245,1178,144562,30-34,M,36,29185.0,2.0,3.149999976,1,0.0,30,34
596,1121246,1178,144562,30-34,M,36,105047.0,13.0,20.2099994,3,1.0,30,34
597,1121250,1178,144565,30-34,M,63,287976.0,31.0,59.43999982,3,2.0,30,34
598,1121251,1178,144565,30-34,M,63,212175.0,22.0,38.58999968,2,1.0,30,34
599,1121252,1178,144565,30-34,M,63,11139.0,0.0,0.0,1,1.0,30,34
600,1121254,1178,144565,30-34,M,63,124005.0,11.0,21.84999979,4,1.0,30,34
601,1121255,1178,144565,30-34,M,63,20423.0,1.0,1.960000038,1,0.0,30,34
602,1121261,1178,144567,30-34,M,64,103001.0,14.0,22.32000005,1,0.0,30,34
603,1121262,1178,144567,30-34,M,64,447420.0,66.0,110.2399991,6,2.0,30,34
604,1121263,1178,144567,30-34,M,64,156101.0,19.0,29.75000048,2,2.0,30,34
605,1121264,1178,144567,30-34,M,64,93015.0,12.0,18.47000015,1,0.0,30,34
606,1121265,1178,144568,30-34,M,65,145398.0,23.0,36.24000025,1,0.0,30,34
607,1121269,1178,144568,30-34,M,65,296413.0,50.0,76.43999958,3,1.0,30,34
608,1121273,1178,144569,30-34,M,2,9370.0,0.0,0.0,1,1.0,30,34
609,1121274,1178,144569,30-34,M,2,63785.0,7.0,11.80000019,6,2.0,30,34
610,1121275,1178,144569,30-34,M,2,118522.0,14.0,26.81999981,2,1.0,30,34
611,1121276,1178,144569,30-34,M,2,240123.0,38.0,65.67000115,5,2.5,30,34
612,1121277,1178,144570,30-34,M,7,169108.0,20.0,32.24000025,2,1.0,30,34
613,1121278,1178,144570,30-34,M,7,544667.25,92.25,147.842499759,6,2.5,30,34
614,1121279,1178,144570,30-34,M,7,93891.0,11.0,17.6400001,5,2.5,30,34
615,1121282,1178,144570,30-34,M,7,185823.0,25.0,38.54999936,4,1.0,30,34
616,1121284,1178,144571,30-34,M,66,175631.0,23.0,40.75999951,1,0.0,30,34
617,1121285,1178,144571,30-34,M,66,37187.0,4.0,6.370000005,1,0.0,30,34
618,1121286,1178,144571,30-34,M,66,10991.0,0.0,0.0,1,0.0,30,34
619,1121287,1178,144571,30-34,M,66,344618.0,51.0,89.76000047,3,1.0,30,34
620,1121289,1178,144572,35-39,M,10,98066.0,9.0,16.1500001,1,0.0,35,39
621,1121290,1178,144572,35-39,M,10,544667.25,92.25,147.842499759,6,2.5,35,39
622,1121291,1178,144572,35-39,M,10,52553.0,5.0,8.529999852,1,0.0,35,39
623,1121292,1178,144572,35-39,M,10,362296.0,39.0,67.77000129,6,2.5,35,39
624,1121293,1178,144572,35-39,M,10,427729.0,50.0,96.8999989,4,1.0,35,39
625,1121296,1178,144573,35-39,M,15,180351.0,21.0,37.13000011,1,1.0,35,39
626,1121297,1178,144573,35-39,M,15,187329.0,29.0,53.15999961,2,1.0,35,39
627,1121300,1178,144573,35-39,M,15,544667.25,92.25,147.842499759,5,2.0,35,39
628,1121302,1178,144574,35-39,M,16,544667.25,92.25,147.842499759,6,2.5,35,39
629,1121303,1178,144574,35-39,M,16,84494.0,7.0,12.57000017,2,0.0,35,39
630,1121304,1178,144574,35-39,M,16,94257.0,7.0,12.5800004,1,1.0,35,39
631,1121309,1178,144575,35-39,M,18,131060.0,16.0,28.04999959,2,1.0,35,39
632,1121310,1178,144575,35-39,M,18,341603.0,50.0,83.48000121,4,2.0,35,39
633,1121311,1178,144575,35-39,M,18,140749.0,19.0,30.4799999,1,1.0,35,39
634,1121312,1178,144575,35-39,M,18,102525.0,13.0,20.29999983,2,1.0,35,39
635,1121316,1178,144576,35-39,M,19,447952.0,68.0,131.5799983,6,1.0,35,39
636,1121317,1178,144576,35-39,M,19,76355.0,9.0,14.62999988,2,0.0,35,39
637,1121319,1178,144577,35-39,M,20,256598.0,38.0,64.46999931,6,1.0,35,39
638,1121321,1178,144577,35-39,M,20,127476.0,21.0,30.15000057,3,2.0,35,39
639,1121322,1178,144577,35-39,M,20,237603.0,37.0,62.25000024,5,2.0,35,39
640,1121327,1178,144578,35-39,M,21,271091.0,42.0,78.03999984,3,1.0,35,39
641,1121330,1178,144578,35-39,M,21,21743.0,2.0,3.400000095,1,0.0,35,39
642,1121333,1178,144579,35-39,M,22,88970.0,10.0,14.8300004,2,0.0,35,39
643,1121334,1178,144579,35-39,M,22,108362.0,13.0,22.42999983,1,1.0,35,39
644,1121335,1178,144579,35-39,M,22,188596.0,27.0,44.14000034,3,0.0,35,39
645,1121336,1178,144579,35-39,M,22,275080.0,43.0,69.65999997,4,2.5,35,39
646,1121337,1178,144580,35-39,M,23,64647.0,10.0,16.26999998,1,0.0,35,39
647,1121338,1178,144580,35-39,M,23,31265.0,4.0,5.789999902,1,0.0,35,39
648,1121340,1178,144580,35-39,M,23,140147.0,24.0,42.08000016,2,0.0,35,39
649,1121341,1178,144580,35-39,M,23,223120.0,40.0,67.66999984,1,0.0,35,39
650,1121342,1178,144580,35-39,M,23,104869.0,18.0,34.07000089,1,0.0,35,39
651,1121344,1178,144581,35-39,M,24,165177.0,23.0,41.71999967,4,1.0,35,39
652,1121345,1178,144581,35-39,M,24,84194.0,11.0,19.56999981,1,0.0,35,39
653,1121347,1178,144581,35-39,M,24,220581.0,31.0,57.37,1,1.0,35,39
654,1121350,1178,144582,35-39,M,25,75804.0,10.0,17.36999965,2,1.0,35,39
655,1121352,1178,144582,35-39,M,25,368986.0,59.0,100.289999,0,0.0,35,39
656,1121353,1178,144582,35-39,M,25,28194.0,3.0,3.709999919,2,0.0,35,39
657,1121355,1178,144583,35-39,M,26,99961.0,14.0,23.2099998,1,0.0,35,39
658,1121359,1178,144583,35-39,M,26,7573.0,0.0,0.0,1,0.0,35,39
659,1121361,1178,144584,35-39,M,27,544667.25,92.25,147.842499759,6,1.0,35,39
660,1121364,1178,144584,35-39,M,27,274222.0,43.0,66.7700001,2,1.0,35,39
661,1121365,1178,144584,35-39,M,27,110503.0,25.0,32.67999995,4,0.0,35,39
662,1121367,1178,144585,35-39,M,28,544667.25,92.25,147.842499759,6,2.5,35,39
663,1121368,1178,144585,35-39,M,28,358987.0,52.0,87.55000067,1,0.0,35,39
664,1121369,1178,144585,35-39,M,28,544667.25,92.25,147.842499759,5,1.0,35,39
665,1121370,1178,144585,35-39,M,28,544667.25,84.0,147.842499759,3,0.0,35,39
666,1121372,1178,144585,35-39,M,28,378350.0,55.0,96.48000073,4,0.0,35,39
667,1121373,1178,144586,35-39,M,29,492784.0,56.0,95.5100013,6,2.5,35,39
668,1121374,1178,144586,35-39,M,29,327158.0,43.0,72.3100003,6,2.0,35,39
669,1121375,1178,144586,35-39,M,29,9921.0,0.0,0.0,1,0.0,35,39
670,1121377,1178,144586,35-39,M,29,59390.0,5.0,9.209999919,5,2.5,35,39
671,1121378,1178,144586,35-39,M,29,544667.25,92.25,147.842499759,6,2.0,35,39
672,1121379,1178,144587,35-39,M,30,49422.0,6.0,11.17000031,1,0.0,35,39
673,1121380,1178,144587,35-39,M,30,131091.0,18.0,34.23000026,3,1.0,35,39
674,1121381,1178,144587,35-39,M,30,95691.0,15.0,25.26000011,1,1.0,35,39
675,1121390,1178,144588,35-39,M,31,15513.0,1.0,1.289999962,1,0.0,35,39
676,1121391,1178,144589,35-39,M,32,382537.0,63.0,113.9900012,4,2.5,35,39
677,1121394,1178,144589,35-39,M,32,461356.0,64.0,121.0999982,6,2.5,35,39
678,1121395,1178,144589,35-39,M,32,392541.0,53.0,98.70000017,3,2.0,35,39
679,1121398,1178,144590,35-39,M,36,35088.0,5.0,8.800000072,1,1.0,35,39
680,1121400,1178,144590,35-39,M,36,53933.0,6.0,9.929999948,3,1.0,35,39
681,1121403,1178,144591,35-39,M,63,228861.0,33.0,53.38999939,4,2.0,35,39
682,1121405,1178,144591,35-39,M,63,20959.0,2.0,3.769999981,1,1.0,35,39
683,1121410,1178,144592,35-39,M,64,24992.0,2.0,3.190000057,1,0.0,35,39
684,1121411,1178,144592,35-39,M,64,100351.0,15.0,24.17999995,2,1.0,35,39
685,1121412,1178,144592,35-39,M,64,292448.0,43.0,76.89999968,2,1.0,35,39
686,1121413,1178,144592,35-39,M,64,65060.0,7.0,14.5200001,1,1.0,35,39
687,1121414,1178,144592,35-39,M,64,133316.0,21.0,36.17000055,2,0.0,35,39
688,1121415,1178,144593,35-39,M,65,113501.0,26.0,38.44000077,5,2.5,35,39
689,1121418,1178,144593,35-39,M,65,192810.0,41.0,61.92999995,4,2.5,35,39
690,1121421,1178,144594,35-39,M,2,233404.0,43.0,70.4100008,2,1.0,35,39
691,1121422,1178,144594,35-39,M,2,128843.0,24.0,37.5999999,2,0.0,35,39
692,1121423,1178,144594,35-39,M,2,63564.0,12.0,20.59000027,2,0.0,35,39
693,1121425,1178,144594,35-39,M,2,85970.0,14.0,24.78000021,1,1.0,35,39
694,1121428,1178,144595,35-39,M,7,131232.0,16.0,29.53999937,1,1.0,35,39
695,1121429,1178,144595,35-39,M,7,152454.0,22.0,37.84999979,1,1.0,35,39
696,1121430,1178,144595,35-39,M,7,28989.0,2.0,2.290000021,1,0.0,35,39
697,1121433,1178,144596,35-39,M,66,80248.0,15.0,24.1900003,1,1.0,35,39
698,1121437,1178,144596,35-39,M,66,38580.0,5.0,8.519999981,1,0.0,35,39
699,1121439,1178,144597,40-44,M,10,544667.25,91.0,147.842499759,5,1.0,40,44
700,1121440,1178,144597,40-44,M,10,250499.0,36.0,58.14000005,3,1.0,40,44
701,1121442,1178,144597,40-44,M,10,131637.0,18.0,29.30999982,2,1.0,40,44
702,1121443,1178,144597,40-44,M,10,463813.0,69.0,116.3399996,4,2.0,40,44
703,1121444,1178,144597,40-44,M,10,211767.0,35.0,60.89999914,5,1.0,40,44
704,1121446,1178,144598,40-44,M,15,163181.0,26.0,40.02000093,1,1.0,40,44
705,1121451,1178,144599,40-44,M,16,544667.25,92.25,147.842499759,6,2.0,40,44
706,1121452,1178,144599,40-44,M,16,544667.25,92.25,147.842499759,6,2.5,40,44
707,1121453,1178,144599,40-44,M,16,455248.0,54.0,105.7099996,5,2.0,40,44
708,1121454,1178,144599,40-44,M,16,75589.0,6.0,10.66000009,1,1.0,40,44
709,1121455,1178,144599,40-44,M,16,544667.25,82.0,143.3000009,3,2.0,40,44
710,1121456,1178,144599,40-44,M,16,315281.0,35.0,65.02999854,1,0.0,40,44
711,1121464,1178,144601,40-44,M,19,363456.0,71.0,117.5599997,6,1.0,40,44
712,1121466,1178,144601,40-44,M,19,438983.0,81.0,143.4300001,3,1.0,40,44
713,1121467,1178,144601,40-44,M,19,42563.0,5.0,9.659999847,1,1.0,40,44
714,1121469,1178,144602,40-44,M,20,399035.0,75.0,124.7999995,6,2.5,40,44
715,1121471,1178,144602,40-44,M,20,304680.0,59.0,98.55000019,3,0.0,40,44
716,1121472,1178,144602,40-44,M,20,140596.0,23.0,40.77000022,1,0.0,40,44
717,1121473,1178,144602,40-44,M,20,439986.0,80.0,134.8799999,4,2.5,40,44
718,1121474,1178,144602,40-44,M,20,75803.0,11.0,19.3599999,2,2.0,40,44
719,1121477,1178,144603,40-44,M,21,7073.0,0.0,0.0,1,0.0,40,44
720,1121481,1178,144604,40-44,M,22,153586.0,28.0,43.01000035,2,0.0,40,44
721,1121482,1178,144604,40-44,M,22,180815.0,31.0,42.62999976,1,0.0,40,44
722,1121483,1178,144604,40-44,M,22,253169.0,51.0,75.78999984,1,0.0,40,44
723,1121484,1178,144604,40-44,M,22,34453.0,5.0,7.710000038,1,1.0,40,44
724,1121487,1178,144605,40-44,M,23,51550.0,8.0,14.03999984,1,0.0,40,44
725,1121489,1178,144605,40-44,M,23,110018.0,24.0,39.85999966,1,0.0,40,44
726,1121493,1178,144606,40-44,M,24,137584.0,21.0,36.77999961,1,0.0,40,44
727,1121497,1178,144606,40-44,M,24,209825.0,30.0,54.86999953,1,0.0,40,44
728,1121499,1178,144607,40-44,M,25,264222.0,63.0,87.7899996,1,1.0,40,44
729,1121510,1178,144608,40-44,M,26,31202.0,5.0,6.730000019,1,0.0,40,44
730,1121511,1178,144609,40-44,M,27,252991.0,49.0,76.83999932,3,0.0,40,44
731,1121514,1178,144609,40-44,M,27,56265.0,9.0,15.53999972,1,0.0,40,44
732,1121523,1178,144611,40-44,M,29,76923.0,11.0,17.67000008,2,2.0,40,44
733,1121524,1178,144611,40-44,M,29,209332.0,30.0,49.60000014,3,1.0,40,44
734,1121525,1178,144611,40-44,M,29,214094.0,31.0,53.26999903,1,0.0,40,44
735,1121526,1178,144611,40-44,M,29,526209.0,85.0,126.9299996,3,2.0,40,44
736,1121527,1178,144611,40-44,M,29,544667.25,92.25,147.842499759,4,1.0,40,44
737,1121528,1178,144611,40-44,M,29,172827.0,25.0,38.42000043,2,0.0,40,44
738,1121530,1178,144612,40-44,M,30,188873.0,38.0,58.5999999,1,1.0,40,44
739,1121532,1178,144612,40-44,M,30,123126.0,25.0,39.72999978,2,1.0,40,44
740,1121535,1178,144613,40-44,M,31,77794.0,14.0,19.11000001,1,1.0,40,44
741,1121541,1178,144614,40-44,M,32,56630.0,9.0,15.81000018,1,1.0,40,44
742,1121544,1178,144614,40-44,M,32,400844.0,85.0,140.9700022,4,2.0,40,44
743,1121545,1178,144614,40-44,M,32,208572.0,36.0,60.76000023,2,1.0,40,44
744,1121548,1178,144615,40-44,M,36,59004.0,8.0,13.51000011,1,0.0,40,44
745,1121551,1178,144615,40-44,M,36,196253.0,32.0,55.10000002,1,0.0,40,44
746,1121554,1178,144616,40-44,M,63,51858.0,8.0,12.63000011,1,1.0,40,44
747,1121557,1178,144616,40-44,M,63,280764.0,49.0,81.36000025,2,1.0,40,44
748,1121561,1178,144617,40-44,M,64,63660.0,11.0,16.47000003,1,1.0,40,44
749,1121562,1178,144617,40-44,M,64,109289.0,19.0,31.02999997,1,0.0,40,44
750,1121568,1178,144618,40-44,M,65,188440.0,40.0,60.72999966,2,1.0,40,44
751,1121571,1178,144619,40-44,M,2,212496.0,44.0,74.83000135,2,1.0,40,44
752,1121572,1178,144619,40-44,M,2,32574.0,5.0,7.480000019,1,0.0,40,44
753,1121575,1178,144619,40-44,M,2,128595.0,23.0,36.4800005,1,1.0,40,44
754,1121577,1178,144620,40-44,M,7,242234.0,48.0,68.06000054,2,0.0,40,44
755,1121584,1178,144621,40-44,M,66,33154.0,5.0,7.879999995,1,1.0,40,44
756,1121585,1178,144621,40-44,M,66,9773.0,1.0,1.460000038,1,0.0,40,44
757,1121589,1178,144622,45-49,M,10,464036.0,77.0,123.5500004,3,1.0,45,49
758,1121590,1178,144622,45-49,M,10,478480.0,75.0,135.7500012,3,1.0,45,49
759,1121592,1178,144622,45-49,M,10,428812.0,66.0,116.8800001,4,2.0,45,49
760,1121593,1178,144622,45-49,M,10,544667.25,92.25,147.842499759,6,2.5,45,49
761,1121594,1178,144622,45-49,M,10,426500.0,72.0,128.2799988,4,1.0,45,49
762,1121597,1178,144623,45-49,M,15,54237.0,7.0,10.77999985,2,1.0,45,49
763,1121598,1178,144623,45-49,M,15,506916.0,89.0,133.6999986,2,2.0,45,49
764,1121599,1178,144623,45-49,M,15,250960.0,42.0,64.87999952,2,0.0,45,49
765,1121601,1178,144624,45-49,M,16,544667.25,92.25,147.842499759,6,2.5,45,49
766,1121602,1178,144624,45-49,M,16,544667.25,92.25,147.842499759,6,1.0,45,49
767,1121603,1178,144624,45-49,M,16,159478.0,20.0,33.89999998,3,1.0,45,49
768,1121605,1178,144624,45-49,M,16,544667.25,92.25,147.842499759,6,2.5,45,49
769,1121606,1178,144624,45-49,M,16,544667.25,92.25,147.842499759,6,2.0,45,49
770,1121607,1178,144625,45-49,M,18,154572.0,26.0,40.93000007,1,1.0,45,49
771,1121609,1178,144625,45-49,M,18,378171.0,70.0,109.2500008,1,0.0,45,49
772,1121612,1178,144625,45-49,M,18,468749.0,84.0,134.1199975,6,1.0,45,49
773,1121613,1178,144626,45-49,M,19,309823.0,60.0,103.3899996,4,2.5,45,49
774,1121615,1178,144626,45-49,M,19,327227.0,65.0,116.5599996,5,0.0,45,49
775,1121616,1178,144626,45-49,M,19,334945.0,72.0,120.2999994,2,1.0,45,49
776,1121617,1178,144626,45-49,M,19,68859.0,15.0,25.45999968,1,0.0,45,49
777,1121619,1178,144627,45-49,M,20,127125.0,20.0,35.67999983,2,0.0,45,49
778,1121620,1178,144627,45-49,M,20,415798.0,80.0,131.7800006,3,1.0,45,49
779,1121622,1178,144627,45-49,M,20,107671.0,20.0,29.91000021,1,1.0,45,49
780,1121623,1178,144627,45-49,M,20,164356.0,28.0,46.7900002,2,1.0,45,49
781,1121624,1178,144627,45-49,M,20,17662.0,2.0,3.189999938,1,0.0,45,49
782,1121627,1178,144628,45-49,M,21,65339.0,10.0,16.67999983,2,0.0,45,49
783,1121628,1178,144628,45-49,M,21,59838.0,7.0,11.11000013,1,0.0,45,49
784,1121629,1178,144628,45-49,M,21,381577.0,81.0,127.5699993,2,0.0,45,49
785,1121635,1178,144629,45-49,M,22,45491.0,8.0,11.00999999,1,0.0,45,49
786,1121638,1178,144630,45-49,M,23,18946.0,2.0,3.599999905,1,0.0,45,49
787,1121641,1178,144630,45-49,M,23,114370.0,18.0,33.65999997,1,0.0,45,49
788,1121642,1178,144630,45-49,M,23,99698.0,21.0,33.3499999,1,0.0,45,49
789,1121644,1178,144631,45-49,M,24,355165.0,81.0,128.6099997,4,2.5,45,49
790,1121650,1178,144632,45-49,M,25,101431.0,23.0,33.93000031,1,1.0,45,49
791,1121652,1178,144632,45-49,M,25,123151.0,24.0,36.4400003,2,1.0,45,49
792,1121660,1178,144633,45-49,M,26,24078.0,4.0,5.769999981,1,0.0,45,49
793,1121661,1178,144634,45-49,M,27,517801.0,92.25,147.842499759,3,0.0,45,49
794,1121662,1178,144634,45-49,M,27,145104.0,25.0,41.42000008,2,1.0,45,49
795,1121664,1178,144634,45-49,M,27,179950.0,35.0,58.67999971,1,0.0,45,49
796,1121665,1178,144634,45-49,M,27,258531.0,46.0,80.33999979,2,0.0,45,49
797,1121666,1178,144634,45-49,M,27,272500.0,62.0,104.4599996,3,0.0,45,49
798,1121667,1178,144635,45-49,M,28,273197.0,57.0,87.7300005,3,0.0,45,49
799,1121668,1178,144635,45-49,M,28,544667.25,92.25,147.842499759,4,2.0,45,49
800,1121669,1178,144635,45-49,M,28,120251.0,26.0,39.44000006,1,0.0,45,49
801,1121671,1178,144635,45-49,M,28,139406.0,24.0,39.04999948,1,0.0,45,49
802,1121672,1178,144635,45-49,M,28,60314.0,11.0,16.93999958,2,1.0,45,49
803,1121673,1178,144636,45-49,M,29,544667.25,86.0,142.7099985,4,2.0,45,49
804,1121674,1178,144636,45-49,M,29,168655.0,18.0,27.29999983,2,0.0,45,49
805,1121675,1178,144636,45-49,M,29,111963.0,17.0,29.3799994,2,1.0,45,49
806,1121676,1178,144636,45-49,M,29,544667.25,92.25,147.842499759,6,2.5,45,49
807,1121677,1178,144636,45-49,M,29,544667.25,92.25,147.842499759,6,2.5,45,49
808,1121678,1178,144636,45-49,M,29,147551.0,22.0,38.50000083,1,0.0,45,49
809,1121685,1178,144638,45-49,M,31,66794.0,9.0,17.3299998,1,1.0,45,49
810,1121687,1178,144638,45-49,M,31,118882.0,19.0,32.30999994,2,1.0,45,49
811,1121689,1178,144638,45-49,M,31,148010.0,24.0,41.96999943,1,0.0,45,49
812,1121691,1178,144639,45-49,M,32,544667.25,92.25,147.842499759,3,1.0,45,49
813,1121692,1178,144639,45-49,M,32,544667.25,92.25,147.842499759,4,1.0,45,49
814,1121693,1178,144639,45-49,M,32,433658.0,82.0,147.842499759,5,2.0,45,49
815,1121695,1178,144639,45-49,M,32,29455.0,3.0,4.769999981,1,0.0,45,49
816,1121701,1178,144640,45-49,M,36,23973.0,3.0,4.820000052,1,1.0,45,49
817,1121705,1178,144641,45-49,M,63,126480.0,25.0,37.25999999,1,1.0,45,49
818,1121706,1178,144641,45-49,M,63,138959.0,28.0,39.5200007,1,0.0,45,49
819,1121708,1178,144641,45-49,M,63,68829.0,12.0,19.47999978,1,0.0,45,49
820,1121711,1178,144642,45-49,M,64,49916.0,10.0,16.38,1,1.0,45,49
821,1121716,1178,144643,45-49,M,65,76014.0,16.0,22.67000031,1,1.0,45,49
822,1121723,1178,144644,45-49,M,2,50947.0,10.0,15.99000025,1,0.0,45,49
823,1121733,1178,144646,45-49,M,66,55536.0,11.0,17.04999995,1,0.0,45,49
824,1121741,1178,144647,30-34,F,10,318042.0,46.0,64.40999997,6,2.5,30,34
825,1121742,1178,144647,30-34,F,10,213016.0,30.0,44.21999955,6,2.0,30,34
826,1121745,1178,144648,30-34,F,15,182265.0,27.0,38.18000007,2,1.0,30,34
827,1121746,1178,144648,30-34,F,15,544667.25,92.25,147.842499759,6,2.5,30,34
828,1121749,1178,144648,30-34,F,15,333345.0,52.0,77.59000027,5,1.0,30,34
829,1121751,1178,144649,30-34,F,16,275930.0,30.0,46.77999997,5,2.0,30,34
830,1121753,1178,144649,30-34,F,16,544667.25,92.25,147.842499759,6,1.0,30,34
831,1121754,1178,144649,30-34,F,16,328272.0,35.0,55.99000025,2,1.0,30,34
832,1121755,1178,144649,30-34,F,16,178455.0,20.0,31.5400002,6,2.5,30,34
833,1121756,1178,144649,30-34,F,16,544667.25,92.25,147.339999,6,1.0,30,34
834,1121758,1178,144650,30-34,F,18,544667.25,91.0,147.842499759,5,2.0,30,34
835,1121759,1178,144650,30-34,F,18,515812.0,69.0,117.6299995,3,1.0,30,34
836,1121760,1178,144650,30-34,F,18,544667.25,92.25,147.842499759,4,2.0,30,34
837,1121763,1178,144651,30-34,F,19,87832.0,11.0,18.10000038,1,1.0,30,34
838,1121764,1178,144651,30-34,F,19,23368.0,3.0,4.300000191,1,0.0,30,34
839,1121765,1178,144651,30-34,F,19,51509.0,7.0,11.57000005,1,0.0,30,34
840,1121767,1178,144651,30-34,F,19,87043.0,16.0,24.48000002,2,0.0,30,34
841,1121768,1178,144651,30-34,F,19,544667.25,92.25,147.842499759,6,2.5,30,34
842,1121769,1178,144652,30-34,F,20,253758.0,43.0,62.14000034,4,1.0,30,34
843,1121773,1178,144652,30-34,F,20,319131.0,51.0,76.68000025,6,1.0,30,34
844,1121774,1178,144652,30-34,F,20,544667.25,92.25,147.842499759,6,2.5,30,34
845,1121775,1178,144653,30-34,F,21,159123.0,25.0,38.36000013,5,2.5,30,34
846,1121776,1178,144653,30-34,F,21,103709.0,15.0,24.56999969,3,1.0,30,34
847,1121779,1178,144653,30-34,F,21,271589.0,45.0,74.41000032,6,2.5,30,34
848,1121780,1178,144653,30-34,F,21,119772.0,20.0,33.46999907,5,2.0,30,34
849,1121782,1178,144654,30-34,F,22,26340.0,3.0,4.220000029,1,1.0,30,34
850,1121783,1178,144654,30-34,F,22,544667.25,92.25,147.6700006,4,0.0,30,34
851,1121791,1178,144655,30-34,F,23,6838.0,0.0,0.0,1,0.0,30,34
852,1121793,1178,144656,30-34,F,24,185665.0,39.0,62.14000058,1,0.0,30,34
853,1121795,1178,144656,30-34,F,24,24959.0,3.0,4.560000062,1,1.0,30,34
854,1121796,1178,144656,30-34,F,24,136967.0,23.0,35.05999982,3,1.0,30,34
855,1121798,1178,144656,30-34,F,24,107548.0,19.0,29.31000018,1,0.0,30,34
856,1121803,1178,144657,30-34,F,25,544667.25,92.25,147.842499759,2,0.0,30,34
857,1121806,1178,144658,30-34,F,26,190560.0,26.0,41.63,3,1.0,30,34
858,1121807,1178,144658,30-34,F,26,373110.0,49.0,75.70000076,4,2.0,30,34
859,1121812,1178,144659,30-34,F,27,544667.25,92.25,147.842499759,6,2.5,30,34
860,1121814,1178,144659,30-34,F,27,544667.25,92.25,147.842499759,6,2.5,30,34
861,1121815,1178,144659,30-34,F,27,240497.0,36.0,51.84000087,1,0.0,30,34
862,1121816,1178,144659,30-34,F,27,259984.0,37.0,54.7900002,5,0.0,30,34
863,1121817,1178,144660,30-34,F,28,544667.25,92.25,147.842499759,6,2.5,30,34
864,1121818,1178,144660,30-34,F,28,83270.0,13.0,17.74000001,1,0.0,30,34
865,1121819,1178,144660,30-34,F,28,544667.25,92.25,147.842499759,6,2.5,30,34
866,1121820,1178,144660,30-34,F,28,11471.0,1.0,1.570000052,0,0.0,30,34
867,1121824,1178,144661,30-34,F,29,544667.25,92.25,147.842499759,6,2.5,30,34
868,1121826,1178,144661,30-34,F,29,418016.0,63.0,95.8500005,3,1.0,30,34
869,1121827,1178,144661,30-34,F,29,30155.0,3.0,3.819999933,1,0.0,30,34
870,1121828,1178,144661,30-34,F,29,544667.25,92.25,147.842499759,6,2.5,30,34
871,1121829,1178,144662,30-34,F,30,187468.0,34.0,50.72000062,2,1.0,30,34
872,1121832,1178,144662,30-34,F,30,208301.0,33.0,54.57000089,1,0.0,30,34
873,1121833,1178,144662,30-34,F,30,101856.0,16.0,25.22000039,4,1.0,30,34
874,1121835,1178,144663,30-34,F,31,48935.0,7.0,9.970000267,1,1.0,30,34
875,1121839,1178,144663,30-34,F,31,13911.0,1.0,1.730000019,1,1.0,30,34
876,1121841,1178,144664,30-34,F,32,511726.0,77.0,123.0900019,6,2.5,30,34
877,1121843,1178,144664,30-34,F,32,177452.0,24.0,37.83000016,2,0.0,30,34
878,1121844,1178,144664,30-34,F,32,149808.0,20.0,33.03999937,1,1.0,30,34
879,1121845,1178,144664,30-34,F,32,390339.0,60.0,105.0199997,6,2.5,30,34
880,1121846,1178,144664,30-34,F,32,8350.0,0.0,0.0,1,0.0,30,34
881,1121847,1178,144665,30-34,F,36,39339.0,4.0,5.929999948,1,0.0,30,34
882,1121854,1178,144666,30-34,F,63,8587.0,0.0,0.0,1,0.0,30,34
883,1121855,1178,144666,30-34,F,63,24893.0,2.0,3.75,1,0.0,30,34
884,1121856,1178,144666,30-34,F,63,544667.25,92.25,147.842499759,6,2.5,30,34
885,1121857,1178,144666,30-34,F,63,91607.0,12.0,19.1899997,2,1.0,30,34
886,1121859,1178,144667,30-34,F,64,238036.0,38.0,61.02999771,6,2.5,30,34
887,1121860,1178,144667,30-34,F,64,254344.0,35.0,56.16999996,2,1.0,30,34
888,1121861,1178,144667,30-34,F,64,157705.0,23.0,39.23000026,2,0.0,30,34
889,1121862,1178,144667,30-34,F,64,411571.0,60.0,99.1799984,6,1.0,30,34
890,1121863,1178,144667,30-34,F,64,94136.0,11.0,16.17999971,1,0.0,30,34
891,1121867,1178,144668,30-34,F,65,82640.0,16.0,23.97000039,1,1.0,30,34
892,1121869,1178,144668,30-34,F,65,17870.0,2.0,2.620000005,1,1.0,30,34
893,1121871,1178,144669,30-34,F,2,19178.0,2.0,2.779999971,1,1.0,30,34
894,1121873,1178,144669,30-34,F,2,5264.0,0.0,0.0,1,0.0,30,34
895,1121874,1178,144669,30-34,F,2,145548.0,28.0,42.37000036,2,1.0,30,34
896,1121876,1178,144669,30-34,F,2,82455.0,15.0,22.04999971,1,0.0,30,34
897,1121877,1178,144670,30-34,F,7,44189.0,7.0,10.31999981,2,0.0,30,34
898,1121878,1178,144670,30-34,F,7,45199.0,7.0,9.809999943,1,0.0,30,34
899,1121881,1178,144670,30-34,F,7,221843.0,43.0,63.45000076,5,0.0,30,34
900,1121888,1178,144671,30-34,F,66,41672.0,6.0,10.54999995,2,1.0,30,34
901,1121889,1178,144672,35-39,F,10,127546.0,25.0,38.94000041,2,0.0,35,39
902,1121890,1178,144672,35-39,F,10,127865.0,28.0,38.02999961,3,1.0,35,39
903,1121891,1178,144672,35-39,F,10,544667.25,92.25,147.842499759,6,2.0,35,39
904,1121894,1178,144672,35-39,F,10,544667.25,92.25,147.842499759,3,0.0,35,39
905,1121895,1178,144673,35-39,F,15,132803.0,25.0,37.32000124,2,1.0,35,39
906,1121897,1178,144673,35-39,F,15,24664.0,2.0,2.629999995,1,1.0,35,39
907,1121901,1178,144674,35-39,F,16,544667.25,92.25,147.842499759,6,2.5,35,39
908,1121902,1178,144674,35-39,F,16,544667.25,92.25,147.842499759,6,2.0,35,39
909,1121903,1178,144674,35-39,F,16,544667.25,92.25,147.842499759,6,2.5,35,39
910,1121904,1178,144674,35-39,F,16,146406.0,23.0,33.22999942,1,1.0,35,39
911,1121905,1178,144674,35-39,F,16,544667.25,92.25,147.842499759,4,1.0,35,39
912,1121906,1178,144674,35-39,F,16,544667.25,92.25,147.842499759,6,2.5,35,39
913,1121907,1178,144675,35-39,F,18,98057.0,20.0,31.00999963,1,1.0,35,39
914,1121917,1178,144676,35-39,F,19,238735.0,56.0,84.65999889,4,1.0,35,39
915,1121918,1178,144676,35-39,F,19,320657.0,77.0,115.8800026,2,0.0,35,39
916,1121925,1178,144678,35-39,F,21,244074.0,57.0,84.51000023,4,2.0,35,39
917,1121928,1178,144678,35-39,F,21,39146.0,8.0,13.05999959,1,0.0,35,39
918,1121931,1178,144679,35-39,F,22,78468.0,15.0,23.64999962,1,0.0,35,39
919,1121933,1178,144679,35-39,F,22,325653.0,63.0,89.35000026,2,0.0,35,39
920,1121935,1178,144679,35-39,F,22,66277.0,12.0,17.30000019,1,0.0,35,39
921,1121936,1178,144679,35-39,F,22,93002.0,16.0,23.33999968,1,0.0,35,39
922,1121944,1178,144681,35-39,F,24,109723.0,27.0,40.9600004,1,0.0,35,39
923,1121948,1178,144681,35-39,F,24,118941.0,35.0,50.11000001,4,1.0,35,39
924,1121949,1178,144682,35-39,F,25,221576.0,47.0,66.79000068,6,1.0,35,39
925,1121953,1178,144682,35-39,F,25,8341.0,1.0,1.639999986,1,0.0,35,39
926,1121954,1178,144682,35-39,F,25,120335.0,26.0,36.2299993,2,0.0,35,39
927,1121955,1178,144683,35-39,F,26,182098.0,40.0,62.86999989,1,1.0,35,39
928,1121956,1178,144683,35-39,F,26,227473.0,52.0,71.58000052,1,1.0,35,39
929,1121962,1178,144684,35-39,F,27,544667.25,92.25,147.842499759,6,1.0,35,39
930,1121963,1178,144684,35-39,F,27,544667.25,92.25,147.842499759,6,2.5,35,39
931,1121971,1178,144685,35-39,F,28,41111.0,8.0,10.96000016,1,0.0,35,39
932,1121973,1178,144686,35-39,F,29,148616.0,25.0,37.39999962,6,2.5,35,39
933,1121976,1178,144686,35-39,F,29,544667.25,92.25,147.842499759,6,2.5,35,39
934,1121977,1178,144686,35-39,F,29,139596.0,26.0,42.41000032,1,1.0,35,39
935,1121983,1178,144687,35-39,F,30,105399.0,22.0,33.19999933,2,0.0,35,39
936,1121994,1178,144689,35-39,F,32,222378.0,50.0,72.91000104,1,0.0,35,39
937,1122003,1178,144691,35-39,F,63,544667.25,92.25,147.842499759,6,2.5,35,39
938,1122004,1178,144691,35-39,F,63,544667.25,92.25,147.842499759,5,1.0,35,39
939,1122005,1178,144691,35-39,F,63,449588.0,81.0,123.800001,5,2.0,35,39
940,1122006,1178,144691,35-39,F,63,318157.0,56.0,85.70000196,3,0.0,35,39
941,1122007,1178,144691,35-39,F,63,196967.0,43.0,65.17999971,2,1.0,35,39
942,1122011,1178,144692,35-39,F,64,158298.0,37.0,46.43000007,4,1.0,35,39
943,1122012,1178,144692,35-39,F,64,222739.0,55.0,68.55999959,5,2.0,35,39
944,1122022,1178,144694,35-39,F,2,20780.0,5.0,8.189999938,1,0.0,35,39
945,1122027,1178,144695,35-39,F,7,128616.0,33.0,48.54999948,2,0.0,35,39
946,1122039,1178,144697,40-44,F,10,258954.0,61.0,82.27999902,1,0.0,40,44
947,1122040,1178,144697,40-44,F,10,205289.0,48.0,71.53000104,3,0.0,40,44
948,1122041,1178,144697,40-44,F,10,544667.25,92.25,147.842499759,6,2.5,40,44
949,1122043,1178,144697,40-44,F,10,544667.25,92.25,147.842499759,6,2.5,40,44
950,1122044,1178,144697,40-44,F,10,233043.0,49.0,65.03000033,2,0.0,40,44
951,1122047,1178,144698,40-44,F,15,544667.25,92.25,147.842499759,6,2.0,40,44
952,1122052,1178,144699,40-44,F,16,265038.0,51.0,78.45999932,2,1.0,40,44
953,1122054,1178,144699,40-44,F,16,222273.0,39.0,53.62999868,6,1.0,40,44
954,1122055,1178,144699,40-44,F,16,544667.25,92.25,147.842499759,4,1.0,40,44
955,1122056,1178,144699,40-44,F,16,544667.25,92.25,147.842499759,4,2.0,40,44
956,1122058,1178,144700,40-44,F,18,22210.0,3.0,4.050000191,1,1.0,40,44
957,1122075,1178,144703,40-44,F,21,46391.0,11.0,16.40999985,3,1.0,40,44
958,1122078,1178,144703,40-44,F,21,190477.0,42.0,66.38999987,1,0.0,40,44
959,1122079,1178,144703,40-44,F,21,25382.0,7.0,9.609999895,1,0.0,40,44
960,1122085,1178,144704,40-44,F,22,65726.0,17.0,22.12000012,2,0.0,40,44
961,1122089,1178,144705,40-44,F,23,195220.0,51.0,78.06000042,1,0.0,40,44
962,1122092,1178,144705,40-44,F,23,107501.0,27.0,40.87999928,2,2.0,40,44
963,1122101,1178,144707,40-44,F,25,197772.0,63.0,88.21000016,6,2.0,40,44
964,1122102,1178,144707,40-44,F,25,138154.0,35.0,48.93999863,1,0.0,40,44
965,1122103,1178,144707,40-44,F,25,270124.0,69.0,95.84999895,2,0.0,40,44
966,1122105,1178,144708,40-44,F,26,303971.0,77.0,106.9299998,6,2.5,40,44
967,1122107,1178,144708,40-44,F,26,544667.25,92.25,147.842499759,4,2.0,40,44
968,1122109,1178,144708,40-44,F,26,328365.0,83.0,117.3400005,2,1.0,40,44
969,1122112,1178,144709,40-44,F,27,544667.25,92.25,147.842499759,6,0.0,40,44
970,1122113,1178,144709,40-44,F,27,544667.25,92.25,147.842499759,6,2.0,40,44
971,1122118,1178,144710,40-44,F,28,101586.0,24.0,33.47000039,2,1.0,40,44
972,1122120,1178,144710,40-44,F,28,181053.0,46.0,66.27999985,3,1.0,40,44
973,1122121,1178,144710,40-44,F,28,133419.0,35.0,48.18000007,2,1.0,40,44
974,1122125,1178,144711,40-44,F,29,489573.0,92.25,147.842499759,3,2.0,40,44
975,1122127,1178,144711,40-44,F,29,544667.25,92.25,147.842499759,6,0.0,40,44
976,1122131,1178,144712,40-44,F,30,93176.0,29.0,40.37000024,1,1.0,40,44
977,1122138,1178,144713,40-44,F,31,47229.0,13.0,19.27999985,1,0.0,40,44
978,1122139,1178,144713,40-44,F,31,92263.0,24.0,34.03000015,1,0.0,40,44
979,1122140,1178,144713,40-44,F,31,81551.0,21.0,29.67000008,1,0.0,40,44
980,1122145,1178,144714,40-44,F,32,141037.0,32.0,47.78999913,3,0.0,40,44
981,1122146,1178,144714,40-44,F,32,319501.0,79.0,111.6500003,0,0.0,40,44
982,1122149,1178,144715,40-44,F,36,72741.0,19.0,24.33000016,2,0.0,40,44
983,1122154,1178,144716,40-44,F,63,544667.25,92.25,147.842499759,2,1.0,40,44
984,1122157,1178,144716,40-44,F,63,98768.0,21.0,33.14000034,1,1.0,40,44
985,1122160,1178,144717,40-44,F,64,173165.0,41.0,59.85000026,1,0.0,40,44
986,1122165,1178,144718,40-44,F,65,55823.0,13.0,21.10999966,1,1.0,40,44
987,1122166,1178,144718,40-44,F,65,118451.0,28.0,38.35000062,4,1.0,40,44
988,1122176,1178,144719,40-44,F,2,74424.0,22.0,30.84000027,1,1.0,40,44
989,1122177,1178,144720,40-44,F,7,47929.0,12.0,14.58999991,1,1.0,40,44
990,1122182,1178,144720,40-44,F,7,40801.0,12.0,15.91999972,0,0.0,40,44
991,1122183,1178,144721,40-44,F,66,66017.0,17.0,24.22000015,1,0.0,40,44
992,1122189,1178,144722,45-49,F,10,544667.25,92.25,147.842499759,5,2.5,45,49
993,1122191,1178,144722,45-49,F,10,382776.0,92.25,132.7300007,5,1.0,45,49
994,1122192,1178,144722,45-49,F,10,544667.25,92.25,147.842499759,5,1.0,45,49
995,1122193,1178,144722,45-49,F,10,544667.25,92.25,147.842499759,6,2.0,45,49
996,1122197,1178,144723,45-49,F,15,544667.25,92.25,147.842499759,2,0.0,45,49
997,1122200,1178,144723,45-49,F,15,544667.25,92.25,147.842499759,2,0.0,45,49
998,1122201,1178,144724,45-49,F,16,320757.0,68.0,104.6899989,2,0.0,45,49
999,1122202,1178,144724,45-49,F,16,544667.25,92.25,147.842499759,1,0.0,45,49
1000,1122203,1178,144724,45-49,F,16,544667.25,92.25,147.842499759,3,0.0,45,49
1001,1122204,1178,144724,45-49,F,16,544667.25,92.25,147.842499759,3,1.0,45,49
1002,1122205,1178,144724,45-49,F,16,544667.25,92.25,147.842499759,6,2.0,45,49
1003,1122209,1178,144725,45-49,F,18,544667.25,92.25,147.842499759,1,0.0,45,49
1004,1122210,1178,144725,45-49,F,18,544667.25,92.25,147.842499759,4,2.0,45,49
1005,1122211,1178,144725,45-49,F,18,317601.0,76.0,115.6600008,1,0.0,45,49
1006,1122212,1178,144725,45-49,F,18,544667.25,92.25,147.842499759,4,2.5,45,49
1007,1122213,1178,144726,45-49,F,19,32781.0,7.0,11.20000017,2,2.0,45,49
1008,1122216,1178,144726,45-49,F,19,76785.0,19.0,25.45999998,3,0.0,45,49
1009,1122217,1178,144726,45-49,F,19,544667.25,92.25,147.842499759,6,2.5,45,49
1010,1122223,1178,144727,45-49,F,20,368480.0,92.25,140.4200011,5,2.5,45,49
1011,1122224,1178,144727,45-49,F,20,260945.0,73.0,100.8800011,2,2.0,45,49
1012,1122225,1178,144728,45-49,F,21,40998.0,10.0,13.35000038,1,0.0,45,49
1013,1122227,1178,144728,45-49,F,21,183293.0,53.0,73.74999964,2,1.0,45,49
1014,1122232,1178,144729,45-49,F,22,221561.0,55.0,76.75999916,1,0.0,45,49
1015,1122233,1178,144729,45-49,F,22,436943.0,92.25,145.8199974,1,1.0,45,49
1016,1122240,1178,144730,45-49,F,23,284488.0,90.0,125.2700011,1,1.0,45,49
1017,1122244,1178,144731,45-49,F,24,85083.0,32.0,38.62999976,1,1.0,45,49
1018,1122246,1178,144731,45-49,F,24,14167.0,5.0,7.139999986,1,0.0,45,49
1019,1122249,1178,144732,45-49,F,25,300637.0,84.0,116.9899981,2,0.0,45,49
1020,1122253,1178,144732,45-49,F,25,449921.0,92.25,147.842499759,5,1.0,45,49
1021,1122254,1178,144732,45-49,F,25,282899.0,71.0,105.6600007,1,0.0,45,49
1022,1122257,1178,144733,45-49,F,26,544667.25,92.25,147.842499759,4,1.0,45,49
1023,1122258,1178,144733,45-49,F,26,108655.0,28.0,46.92000186,1,0.0,45,49
1024,1122260,1178,144733,45-49,F,26,536248.0,92.25,147.842499759,3,0.0,45,49
1025,1122262,1178,144734,45-49,F,27,544667.25,92.25,147.842499759,6,2.0,45,49
1026,1122265,1178,144734,45-49,F,27,544667.25,92.25,147.842499759,6,0.0,45,49
1027,1122266,1178,144734,45-49,F,27,544667.25,92.25,147.842499759,6,2.5,45,49
1028,1122267,1178,144735,45-49,F,28,288517.0,78.0,102.3900002,3,0.0,45,49
1029,1122268,1178,144735,45-49,F,28,202231.0,53.0,67.13000107,3,1.0,45,49
1030,1122270,1178,144735,45-49,F,28,73222.0,16.0,22.86000025,1,0.0,45,49
1031,1122271,1178,144735,45-49,F,28,348542.0,92.25,134.889999,2,0.0,45,49
1032,1122273,1178,144736,45-49,F,29,544667.25,92.25,147.842499759,6,2.5,45,49
1033,1122274,1178,144736,45-49,F,29,526923.0,92.25,147.842499759,2,1.0,45,49
1034,1122276,1178,144736,45-49,F,29,264386.0,66.0,91.00000054,4,1.0,45,49
1035,1122277,1178,144736,45-49,F,29,544667.25,92.25,147.842499759,6,2.5,45,49
1036,1122279,1178,144737,45-49,F,30,113567.0,34.0,50.29000044,3,0.0,45,49
1037,1122282,1178,144737,45-49,F,30,22859.0,6.0,9.419999838,1,0.0,45,49
1038,1122288,1178,144738,45-49,F,31,51754.0,13.0,20.51999998,1,0.0,45,49
1039,1122290,1178,144738,45-49,F,31,104347.0,28.0,38.13999993,4,2.5,45,49
1040,1122303,1178,144741,45-49,F,63,391998.0,92.25,142.0500025,3,1.0,45,49
1041,1122304,1178,144741,45-49,F,63,544667.25,92.25,147.842499759,5,0.0,45,49
1042,1122308,1178,144741,45-49,F,63,427772.0,92.25,147.842499759,3,1.0,45,49
1043,1122310,1178,144742,45-49,F,64,536457.0,92.25,147.842499759,2,1.0,45,49
1044,1122311,1178,144742,45-49,F,64,179894.0,43.0,66.83999872,2,0.0,45,49
1045,1122312,1178,144742,45-49,F,64,479882.0,92.25,147.842499759,6,0.0,45,49
1046,1122313,1178,144742,45-49,F,64,358261.0,91.0,130.3600011,1,0.0,45,49
1047,1122316,1178,144743,45-49,F,65,346688.0,88.0,114.8599998,2,0.0,45,49
1048,1314296,1178,179863,30-34,M,100,33445.0,2.0,3.199999928,1,0.0,30,34
1049,1314297,1178,179864,30-34,M,101,72228.0,5.0,7.529999852,4,2.5,30,34
1050,1314298,1178,179865,30-34,M,102,49699.0,2.0,2.690000057,2,1.0,30,34
1051,1314299,1178,179866,30-34,M,103,189761.0,18.0,27.32999969,4,1.0,30,34
1052,1314301,1178,179868,30-34,M,105,312524.0,37.0,53.78999972,2,0.0,30,34
1053,1314303,1178,179870,30-34,M,107,496760.0,42.0,61.00999904,6,2.5,30,34
1054,1314306,1178,179873,30-34,M,110,310988.0,34.0,46.66999936,6,2.5,30,34
1055,1314307,1178,179874,30-34,M,111,98606.0,9.0,12.10999984,1,0.0,30,34
1056,1314308,1178,179875,30-34,M,112,51104.0,2.0,3.199999928,3,1.0,30,34
1057,1314309,1178,179876,30-34,M,113,276762.0,22.0,32.09000015,5,1.0,30,34
1058,1314312,1178,179879,35-39,M,101,33534.0,2.0,2.960000038,1,1.0,35,39
1059,1314313,1178,179880,35-39,M,102,128859.0,16.0,23.69999957,1,0.0,35,39
1060,1314314,1178,179881,35-39,M,103,92080.0,12.0,16.94000018,3,2.0,35,39
1061,1314316,1178,179883,35-39,M,105,211882.0,33.0,46.64999926,3,1.0,35,39
1062,1314318,1178,179885,35-39,M,107,112776.0,9.0,12.67999995,1,0.0,35,39
1063,1314319,1178,179886,35-39,M,108,145324.0,14.0,19.82000005,2,1.0,35,39
1064,1314320,1178,179887,35-39,M,109,106492.0,14.0,21.26000023,2,0.0,35,39
1065,1314321,1178,179888,35-39,M,110,233845.0,30.0,40.73000062,3,0.0,35,39
1066,1314323,1178,179890,35-39,M,112,155426.0,17.0,25.01000023,3,0.0,35,39
1067,1314324,1178,179891,35-39,M,113,97540.0,8.0,11.5199995,2,1.0,35,39
1068,1314325,1178,179892,35-39,M,114,61441.0,5.0,7.700000048,1,0.0,35,39
1069,1314326,1178,179893,40-44,M,100,76703.0,9.0,12.14999962,3,1.0,40,44
1070,1314327,1178,179894,40-44,M,101,68619.0,10.0,14.96000034,1,0.0,40,44
1071,1314330,1178,179897,40-44,M,104,17559.0,1.0,1.49000001,1,1.0,40,44
1072,1314331,1178,179898,40-44,M,105,137879.0,19.0,28.47000003,2,0.0,40,44
1073,1314332,1178,179899,40-44,M,106,67710.0,10.0,15.14999998,1,0.0,40,44
1074,1314333,1178,179900,40-44,M,107,348180.0,41.0,60.22999907,3,1.0,40,44
1075,1314334,1178,179901,40-44,M,108,146246.0,18.0,28.71999955,3,1.0,40,44
1076,1314336,1178,179903,40-44,M,110,187236.0,24.0,34.86999965,2,2.0,40,44
1077,1314337,1178,179904,40-44,M,111,72157.0,9.0,13.50000036,1,1.0,40,44
1078,1314338,1178,179905,40-44,M,112,91180.0,10.0,13.55999994,1,0.0,40,44
1079,1314339,1178,179906,40-44,M,113,86293.0,6.0,9.259999871,1,1.0,40,44
1080,1314341,1178,179908,45-49,M,100,101410.0,12.0,17.94000006,4,0.0,45,49
1081,1314343,1178,179910,45-49,M,102,134245.0,18.0,25.75000024,2,1.0,45,49
1082,1314345,1178,179912,45-49,M,104,125650.0,20.0,30.08000076,4,0.0,45,49
1083,1314346,1178,179913,45-49,M,105,50406.0,5.0,7.26000011,1,1.0,45,49
1084,1314348,1178,179915,45-49,M,107,121769.0,13.0,18.41999996,2,1.0,45,49
1085,1314349,1178,179916,45-49,M,108,267106.0,34.0,50.5,4,1.0,45,49
1086,1314350,1178,179917,45-49,M,109,365539.0,57.0,82.13999915,5,2.0,45,49
1087,1314351,1178,179918,45-49,M,110,188758.0,25.0,36.60000038,2,1.0,45,49
1088,1314353,1178,179920,45-49,M,112,108426.0,13.0,19.58000016,1,0.0,45,49
1089,1314354,1178,179921,45-49,M,113,138525.0,9.0,13.65000045,3,0.0,45,49
1090,1314355,1178,179922,45-49,M,114,150858.0,21.0,30.26000011,1,0.0,45,49
1091,1314357,1178,179924,30-34,F,101,524306.0,81.0,113.6800029,6,2.5,30,34
1092,1314358,1178,179925,30-34,F,102,104496.0,9.0,11.42999983,3,2.0,30,34
1093,1314359,1178,179926,30-34,F,103,452519.0,68.0,99.52000237,6,2.0,30,34
1094,1314360,1178,179927,30-34,F,104,442919.0,76.0,110.7800021,6,2.0,30,34
1095,1314361,1178,179928,30-34,F,105,544667.25,86.0,120.8799992,6,0.0,30,34
1096,1314362,1178,179929,30-34,F,106,173912.0,26.0,35.54000032,2,1.0,30,34
1097,1314363,1178,179930,30-34,F,107,544667.25,86.0,119.6400018,6,2.5,30,34
1098,1314364,1178,179931,30-34,F,108,132124.0,8.0,11.18999994,4,0.0,30,34
1099,1314365,1178,179932,30-34,F,109,544667.25,92.25,138.9200006,6,1.0,30,34
1100,1314366,1178,179933,30-34,F,110,99020.0,10.0,14.48000044,4,1.0,30,34
1101,1314367,1178,179934,30-34,F,111,544667.25,92.25,147.842499759,6,2.5,30,34
1102,1314368,1178,179935,30-34,F,112,544667.25,80.0,111.9899995,6,2.5,30,34
1103,1314371,1178,179938,35-39,F,100,72982.0,11.0,15.04999995,1,0.0,35,39
1104,1314372,1178,179939,35-39,F,101,544667.25,92.25,147.842499759,6,2.5,35,39
1105,1314373,1178,179940,35-39,F,102,245607.0,33.0,47.87999952,3,1.0,35,39
1106,1314377,1178,179944,35-39,F,106,485369.0,92.25,147.842499759,3,0.0,35,39
1107,1314378,1178,179945,35-39,F,107,544667.25,92.25,147.842499759,6,2.5,35,39
1108,1314379,1178,179946,35-39,F,108,502710.0,72.0,105.2199969,6,2.0,35,39
1109,1314380,1178,179947,35-39,F,109,475184.0,88.0,127.3200028,4,1.0,35,39
1110,1314381,1178,179948,35-39,F,110,357401.0,47.0,68.67000008,6,1.0,35,39
1111,1314382,1178,179949,35-39,F,111,99810.0,14.0,20.05000019,2,0.0,35,39
1112,1314383,1178,179950,35-39,F,112,81569.0,6.0,9.409999967,3,1.0,35,39
1113,1314384,1178,179951,35-39,F,113,441192.0,53.0,77.59999979,6,2.0,35,39
1114,1314385,1178,179952,35-39,F,114,90470.0,11.0,16.73000002,1,1.0,35,39
1115,1314386,1178,179953,40-44,F,100,544667.25,92.25,147.842499759,6,2.5,40,44
1116,1314387,1178,179954,40-44,F,101,544667.25,92.25,147.842499759,6,2.5,40,44
1117,1314388,1178,179955,40-44,F,102,329333.0,48.0,67.60999918,1,0.0,40,44
1118,1314389,1178,179956,40-44,F,103,544667.25,92.25,147.842499759,6,0.0,40,44
1119,1314390,1178,179957,40-44,F,104,267316.0,58.0,82.92999887,3,0.0,40,44
1120,1314391,1178,179958,40-44,F,105,228629.0,38.0,57.0,2,0.0,40,44
1121,1314392,1178,179959,40-44,F,106,544667.25,92.25,147.842499759,6,2.5,40,44
1122,1314393,1178,179960,40-44,F,107,544667.25,92.25,147.842499759,5,2.0,40,44
1123,1314394,1178,179961,40-44,F,108,544667.25,92.25,147.842499759,6,1.0,40,44
1124,1314395,1178,179962,40-44,F,109,280240.0,61.0,87.99000168,2,2.0,40,44
1125,1314396,1178,179963,40-44,F,110,419922.0,75.0,105.4500008,3,1.0,40,44
1126,1314397,1178,179964,40-44,F,111,402975.0,83.0,120.8999977,1,0.0,40,44
1127,1314398,1178,179965,40-44,F,112,544667.25,92.25,147.842499759,6,2.5,40,44
1128,1314400,1178,179967,40-44,F,114,250234.0,40.0,62.31999922,4,1.0,40,44
1129,1314401,1178,179968,45-49,F,100,544667.25,92.25,147.842499759,6,1.0,45,49
1130,1314402,1178,179969,45-49,F,101,544667.25,92.25,147.842499759,6,2.5,45,49
1131,1314403,1178,179970,45-49,F,102,168714.0,24.0,36.01000071,2,2.0,45,49
1132,1314404,1178,179971,45-49,F,103,71982.0,11.0,16.34000051,1,0.0,45,49
1133,1314405,1178,179972,45-49,F,104,544667.25,92.25,147.842499759,6,2.5,45,49
1134,1314406,1178,179973,45-49,F,105,544667.25,92.25,147.842499759,6,2.5,45,49
1135,1314407,1178,179974,45-49,F,106,107100.0,23.0,33.71000051,1,0.0,45,49
1136,1314408,1178,179975,45-49,F,107,544667.25,92.25,147.842499759,6,2.5,45,49
1137,1314409,1178,179976,45-49,F,108,212508.0,33.0,47.69000006,4,1.0,45,49
1138,1314410,1178,179977,45-49,F,109,544667.25,92.25,147.842499759,6,2.0,45,49
1139,1314411,1178,179978,45-49,F,110,544667.25,92.25,147.842499759,3,0.0,45,49
1140,1314412,1178,179979,45-49,F,111,151531.0,28.0,40.28999949,2,0.0,45,49
1141,1314414,1178,179981,45-49,F,113,544667.25,92.25,147.842499759,6,2.0,45,49
1142,1314415,1178,179982,45-49,F,114,513161.0,92.25,147.842499759,5,2.0,45,49
